herramienta	muestra	Aitchison	JSD	BrayCurtis	Spearman	F1
bracken_db2	ALB.17	81.6460437006446	0.10551464261043729	0.27828301362959806	0.3313549061983638	0.27367055771725035
bracken_db2	AUS.18	83.97671342824762	0.17424878577820638	0.3838899240165235	0.3102076401787481	0.21875
bracken_db2	AUS.18a	94.5659435611565	0.22007680847229844	0.4817393451221808	0.29491226475596904	0.21174764321972445
bracken_db2	AUT.70	89.1443492289733	0.1316321412519263	0.32883730044593207	0.33041639831116015	0.26748133061778684
bracken_db2	BGR.66	81.74043349431254	0.15964170281346762	0.40867220961268014	0.3101631958899584	0.24055944055944056
bracken_db2	BRA.53	85.45594101772998	0.24061708025986828	0.45981479236844947	0.3213380986525963	0.2585330428467683
bracken_db2	BRA.53a	109.17916834103457	0.2994998405846653	0.604072845334958	0.3059285059683967	0.24605678233438485
bracken_db2	BWA.19	107.5521097199178	0.18486325014849234	0.4484065768448289	0.3057758701265454	0.24481327800829875
bracken_db2	CAN.22	106.47299048532865	0.2667919069539919	0.5570889801570917	0.25038261908645865	0.14705882352941177
bracken_db2	CAN.22a	105.19232836853207	0.2445126464751327	0.5387616784686121	0.22804705907425749	0.13277310924369748
bracken_db2	CAN.22b	91.48367499107646	0.20383819674095047	0.46750570391850044	0.3156341249326168	0.2454308093994778
bracken_db2	CAN.22c	101.47090434230837	0.27169343273568725	0.566239283447356	0.35870558981199674	0.31873015873015875
bracken_db2	CHE.67	100.05553797613108	0.23990784658347608	0.5449649546493931	0.3047054083968094	0.22358554873892297
bracken_db2	CHN.64	112.25875347926784	0.2688403230012689	0.5310300735477873	0.32571181868636245	0.2753894080996885
bracken_db2	CIV.13	98.6705340772598	0.18948672433519184	0.42160697990660434	0.32969478186827617	0.2751592356687898
bracken_db2	COL.2	96.80523774593249	0.20210594552369496	0.501882242228042	0.31540341088628887	0.25413533834586466
bracken_db2	CZE.23	93.34090140729045	0.22532971510132813	0.5013207928444111	0.31847122854942655	0.25681969394544246
bracken_db2	DEU.27	102.22047384900691	0.21629406098979106	0.46607959220404316	0.31207776755914746	0.22623178348369188
bracken_db2	DNK.71_RA	98.67997527396734	0.2558019953121197	0.5474373066687963	0.32241486675459724	0.2873065015479876
bracken_db2	DNK.71_RD	91.02987342561181	0.23926770347940018	0.5179511576762823	0.3433874586698323	0.31157635467980294
bracken_db2	DNK.71_RL	96.13292266680602	0.23705565184738428	0.5125426696835705	0.3337949525689632	0.27934426229508197
bracken_db2	ECU.14	66.23337277267042	0.10722887857579788	0.33254439799883206	0.3170084794688934	0.24603174603174602
bracken_db2	ECU.14a	107.85586504479355	0.22065550656591365	0.48748104219957816	0.3180771081223632	0.25336927223719674
bracken_db2	ESP.75	101.53829519477797	0.26021873531930195	0.5581890275472305	0.3279613344188957	0.2520478890989288
bracken_db2	ETH.24	90.43936691941566	0.1314047513227563	0.3348271616277331	0.30972697477521655	0.27863362357669125
bracken_db2	FIN.25	96.12274254603905	0.2209782096688926	0.4890985935697223	0.32703575023860826	0.2673726009265387
bracken_db2	GEO.59	58.34021520280007	0.08774496810559848	0.30812339483154455	0.29556612110895825	0.2016057091882248
bracken_db2	GHA.4	109.81206915239405	0.2685813262733025	0.5315176148139926	0.28882568809853104	0.21896792189679218
bracken_db2	HRV.68	91.3364660360907	0.2104413347712517	0.5072563234363929	0.3257635707062447	0.25159010600706716
bracken_db2	HUN.61	108.68987194013293	0.2484820469334301	0.5213326701291833	0.3021058862089416	0.21330902461257975
bracken_db2	IND.11	95.074198844623	0.2033246768369814	0.4553074945397271	0.30507335634784677	0.2570332480818414
bracken_db2	IRL.69	83.24480447887657	0.13882210374906379	0.34356146993141273	0.3390660680307257	0.2806297056810404
bracken_db2	IRN.12	87.97838739561449	0.1919347004615595	0.43140401312732685	0.3016754601336908	0.2440775305096913
bracken_db2	ISL.28	81.0938804015664	0.1239363890664452	0.3007495247969286	0.30349295822040306	0.2359796067006555
bracken_db2	ISR.29	104.04241770458928	0.1932155587258175	0.4333702510519759	0.28543485462109763	0.19936204146730463
bracken_db2	ITA.30	83.88821006320002	0.21848246520898693	0.5322745235436059	0.3340296110425653	0.2749185667752443
bracken_db2	KAZ.6	83.02808376869123	0.19603225730737964	0.42861010788277537	0.33704923149559357	0.2802721088435374
bracken_db2	KEN.72	93.77951404959776	0.20979879664548998	0.43710089536429125	0.3286924901951101	0.28553379658875555
bracken_db2	KHM.21	94.49065879214305	0.2137116926561483	0.5496683350644714	0.32702361347296643	0.2671232876712329
bracken_db2	LKA.40	53.239794644253074	0.028548369725821234	0.12521240665750827	0.34577341647517773	0.25345247766043866
bracken_db2	LUX.32	88.40635053099986	0.20450826907810632	0.5092671245726357	0.3668901030747751	0.31705770450221943
bracken_db2	LVA.31	100.75082765472898	0.21398280590981705	0.4607768393077845	0.3200113383569844	0.24034334763948498
bracken_db2	MDA.65	75.79122800132478	0.0847622009116578	0.2339294413022953	0.3370809650967088	0.26514611546685674
bracken_db2	MKD.62	87.69716634169612	0.18268201151195035	0.45265296561563295	0.31761563783071467	0.25540823447313327
bracken_db2	MLT.63	84.82552190165089	0.13102806792295796	0.3088840225642058	0.3226584754758254	0.2653061224489796
bracken_db2	MYS.54	97.20592490937855	0.1575361499005711	0.40534311555423275	0.3023494647831399	0.23809523809523808
bracken_db2	NGA.50	106.029065674937	0.1902001184398232	0.4422402468110656	0.33122110596847226	0.2747893713545042
bracken_db2	NLD.43	112.0005116641688	0.35776473518451296	0.6639274228012624	0.23128423607465737	0.12842809364548494
bracken_db2	NOR.34	86.32217105243764	0.18495553134637285	0.44207223092009995	0.3165110508980556	0.24842105263157896
bracken_db2	NPL.33	99.78704868412227	0.2920030203223946	0.5782059591555945	0.3200054425031899	0.3003115264797508
bracken_db2	NZL.56	64.1397489911177	0.10894338835973455	0.35534345062574674	0.34293217705864043	0.2607407407407407
bracken_db2	PAK.7	101.80350011369917	0.22121876537540203	0.4716097787745188	0.3296417763256542	0.2936117936117936
bracken_db2	PER.35	95.79015720263156	0.2538213383681355	0.5200773076342439	0.36408045049522947	0.3106796116504854
bracken_db2	POL.36	108.07374177791584	0.24411064290545637	0.49858459028184926	0.32871568104472376	0.277992277992278
bracken_db2	SEN.8	67.90190743923921	0.03152046624770256	0.12065520333441326	0.34174499475726167	0.29301075268817206
bracken_db2	SGP.52	100.35998929322827	0.1632151095507825	0.4280680564099301	0.31293695431225416	0.2410958904109589
bracken_db2	SRB.37	88.50399923736967	0.1625601585003669	0.3974390851346571	0.32974355451910564	0.2800274536719286
bracken_db2	SVK.9	92.59299786297554	0.23258677674647635	0.5329274873310799	0.3336861297129658	0.2740286298568507
bracken_db2	SVN.38	92.41726730738662	0.18435930918540488	0.4088416078437399	0.33590572753184045	0.30365853658536585
bracken_db2	SWE.41	96.79101574637966	0.18315984948790714	0.41771436119842764	0.32754248679398346	0.2969325153374233
bracken_db2	SWE.41a	89.5441096344571	0.19763336366976586	0.43887284306612623	0.32128277016813206	0.2742040285899935
bracken_db2	TCD.1	56.43645330461458	0.02441659607118999	0.12725718600198258	0.2474497192531229	0.1292372881355932
bracken_db2	TGO.44	92.5474110937687	0.23625485031763796	0.5120070217578915	0.2740574367808553	0.22861150070126227
bracken_db2	TUR.46	68.09600723119476	0.09461370212774753	0.3608889120754423	0.2994418242525236	0.20933977455716588
bracken_db2	TZA.15	85.26255490823951	0.2316076537014345	0.45980431369232744	0.32615981571745606	0.2933857236411264
bracken_db2	USA.74	106.59940575123224	0.19888975475043028	0.45808662625508323	0.3275614491707619	0.2903834066624764
bracken_db2	USA.74a	93.19956198111949	0.17722918691365797	0.4033414921529157	0.32388016539225273	0.2596685082872928
bracken_db2	USA.74b	108.25544487705739	0.2698525855148757	0.5742675493982666	0.29074147699324104	0.20857325655790146
bracken_db2	USA.74c	94.47704312293413	0.25928288101302455	0.5279872337460372	0.3374256944579094	0.2994722955145119
bracken_db2	USA.74d	95.54469315311484	0.20797879095954827	0.4650887335369307	0.32880168265555504	0.287012987012987
bracken_db2	USA.74e	92.72840301000177	0.18597114096575199	0.40913507590935994	0.33547581684748773	0.27488151658767773
bracken_db2	USA.74f	101.09883115226526	0.22810753888174953	0.4975891655624814	0.31047809425930717	0.2180232558139535
bracken_db2	USA.74g	99.62276019576768	0.25954538763726404	0.5244522772064586	0.28096591355385564	0.1983695652173913
bracken_db2	USA.74h	95.23238267180533	0.24175788975514084	0.513756564249335	0.3390452782883038	0.3209580838323353
bracken_db2	USA.74i	105.89722227174728	0.2222006440848614	0.4987641152994326	0.3196214748041352	0.27055016181229774
bracken_db2	VNM.48	57.88745644555603	0.04363849671904481	0.15524935899028447	0.33056463452323837	0.24717407686510928
bracken_db2	XK.60	84.94296606557882	0.13922826129983457	0.32314585777394467	0.3547232846174801	0.3085177733065057
bracken_db2	ZAF.39	100.30909814015759	0.1960034657331316	0.4406772984720815	0.32156698970503844	0.276657060518732
bracken_db2	ZMB.49	99.44736110891215	0.1799505074444358	0.40922702779004205	0.3261518390409915	0.2800256904303147
bracken_db2	ZMB.49b	96.36593953238572	0.1830876888723677	0.44520653908141	0.30881026598199984	0.2403486924034869
centrifuge_db3	ALB.17	91.61597065457136	0.14526722943196718	0.39737296682810364	0.41232275086539133	0.35194805194805195
centrifuge_db3	AUS.18	93.17416520065916	0.23419555783419954	0.5145817242279156	0.4104827451497847	0.35451505016722407
centrifuge_db3	AUS.18a	101.42111912464598	0.26726095350608875	0.5626417541560909	0.4039394475471996	0.3447802197802198
centrifuge_db3	AUT.70	99.47713230180692	0.2725149495982141	0.5339954276347355	0.4095007706399189	0.3537323470073974
centrifuge_db3	BGR.66	91.44348167150434	0.17818347207899687	0.42091555722817825	0.41319138322987176	0.3561272850372376
centrifuge_db3	BRA.53	94.86224439284966	0.2817310728943265	0.5480590095774271	0.40743885376832184	0.3610719322990127
centrifuge_db3	BRA.53a	115.21313177829732	0.33996849429225595	0.669231980800943	0.40389815904870485	0.3449564134495641
centrifuge_db3	BWA.19	112.39290346803723	0.306429074426125	0.6224824147570268	0.3930458381771171	0.3496973772696705
centrifuge_db3	CAN.22	107.31508146375205	0.25444254340747796	0.5701575132751477	0.4004075356342605	0.32671364509929535
centrifuge_db3	CAN.22a	105.79335515228757	0.2666188029354377	0.5932827157457172	0.40044615640924763	0.34523809523809523
centrifuge_db3	CAN.22b	100.0598391619589	0.22881008850670856	0.5259002741973028	0.4044620768822121	0.34124438742783836
centrifuge_db3	CAN.22c	107.38969384131366	0.2722633623184724	0.6214411599679909	0.40503680996353053	0.35356200527704484
centrifuge_db3	CHE.67	104.90930741233252	0.2564788436797802	0.5712456425634439	0.4107275856402216	0.3522504892367906
centrifuge_db3	CHN.64	115.08447840197042	0.3431173849152216	0.6948363753939393	0.40063509341696657	0.3406662476429918
centrifuge_db3	CIV.13	106.90150677773218	0.27575869631029454	0.5596567086590614	0.3915681010174071	0.3361128928800513
centrifuge_db3	COL.2	109.63383561446179	0.3980478962735008	0.7416524489530101	0.3986237329923439	0.36376811594202896
centrifuge_db3	CZE.23	103.44310018138323	0.2546274198708174	0.5517486259960178	0.4047691422694988	0.34993446920052423
centrifuge_db3	DEU.27	107.60937950407454	0.28982863475217047	0.5926345338241065	0.400548866381806	0.3424021234240212
centrifuge_db3	DNK.71_RA	105.04947133329465	0.24784200789664748	0.5578677452585008	0.40186949909725744	0.34227330779054915
centrifuge_db3	DNK.71_RD	100.76513245230706	0.23019842721874628	0.5090455154952357	0.4067560063434543	0.3481624758220503
centrifuge_db3	DNK.71_RL	103.96027099860646	0.2492444274351741	0.5504006585473129	0.4078419853786902	0.35115511551155115
centrifuge_db3	ECU.14	79.41531222506416	0.17800610046916124	0.5148691598556134	0.40634751435526884	0.3690922730682671
centrifuge_db3	ECU.14a	115.1147521695431	0.3309204042298333	0.6437688647148356	0.39081752229794914	0.3425925925925926
centrifuge_db3	ESP.75	107.91347835814442	0.2508237108963916	0.535485358120662	0.39856127305863714	0.3343691733996271
centrifuge_db3	ETH.24	98.17136116232734	0.2470308493535075	0.5347924456869835	0.3994805094783303	0.3474114441416894
centrifuge_db3	FIN.25	104.23242792733251	0.25513312091840856	0.5566464701998939	0.4140583513385402	0.3583662714097497
centrifuge_db3	GEO.59	71.29947264731673	0.15763109245983728	0.5093567844531434	0.41141360024297635	0.3763955342902711
centrifuge_db3	GHA.4	114.3475566004795	0.39859010711990867	0.7143119647690627	0.39168780407968495	0.3441429516876241
centrifuge_db3	HRV.68	99.3938532990015	0.20559543104761077	0.4885268043388008	0.40046171599103464	0.35382513661202186
centrifuge_db3	HUN.61	113.22072652345899	0.30521322576478604	0.6182695243773983	0.408315937108793	0.37962202136400985
centrifuge_db3	IND.11	105.64698039373889	0.28716081827389073	0.603714662101783	0.4089654299443518	0.3516624040920716
centrifuge_db3	IRL.69	93.1807569652599	0.16584509076919635	0.4068408658888911	0.40942989422955695	0.35494880546075086
centrifuge_db3	IRN.12	98.84582931180502	0.23367257685595988	0.5022304182791015	0.40379973225993426	0.35768963117606123
centrifuge_db3	ISL.28	92.65372688274155	0.28227043071779945	0.53143083845385	0.40914287125237625	0.3598326359832636
centrifuge_db3	ISR.29	110.19470372521337	0.31880369204776204	0.6038736719735899	0.3983859055432652	0.34814814814814815
centrifuge_db3	ITA.30	96.70494718792717	0.22112151598086002	0.49696278119912524	0.39863633554505057	0.34827810266406756
centrifuge_db3	KAZ.6	94.50171287997108	0.1911359670835429	0.46018676308164425	0.41207001361981094	0.3557365919891378
centrifuge_db3	KEN.72	103.23878750230996	0.2779459819346085	0.5464645633621962	0.4100918053674912	0.3511943189154293
centrifuge_db3	KHM.21	104.37757985736128	0.25817434845145626	0.5930905399883788	0.3949373076427928	0.35182679296346414
centrifuge_db3	LKA.40	61.45555516231241	0.06026490971861009	0.16640566046305796	0.3989197153860363	0.3607305936073059
centrifuge_db3	LUX.32	97.43269388984669	0.21139168267732866	0.47766851678142974	0.40660775604876864	0.34885245901639345
centrifuge_db3	LVA.31	107.3596314986496	0.2619147885149665	0.541682532689519	0.42214555020852534	0.36737491432488006
centrifuge_db3	MDA.65	89.9244025719593	0.13354639132195031	0.3376410094641696	0.41366335183877495	0.3645183645183645
centrifuge_db3	MKD.62	98.32160466053642	0.21600331067424655	0.45534953792168537	0.4032436581423162	0.3567052416609939
centrifuge_db3	MLT.63	97.65599371916309	0.20117035489558566	0.5020233841281883	0.4036247576631017	0.35023664638269103
centrifuge_db3	MYS.54	105.21467375623295	0.29059207609910587	0.6103446435544458	0.39678045519850397	0.3452855245683931
centrifuge_db3	NGA.50	113.02048702326651	0.37455471972866883	0.7088421851984785	0.3976784281009784	0.3459037711313394
centrifuge_db3	NLD.43	116.08296069136378	0.40962944276996094	0.7341745043332842	0.3959302652229953	0.3278886872353297
centrifuge_db3	NOR.34	96.32378934415145	0.2046441600881219	0.44659079353289954	0.3964085431677825	0.34829931972789113
centrifuge_db3	NPL.33	108.58543651516752	0.26207329511190713	0.5402665519334847	0.39921237947529054	0.3504885993485342
centrifuge_db3	NZL.56	73.32935717321355	0.10791491444630044	0.37702260798896137	0.4197322697345266	0.3678977272727273
centrifuge_db3	PAK.7	112.22207002677142	0.3325508955860459	0.6321434518736616	0.40458068531011515	0.34710743801652894
centrifuge_db3	PER.35	106.7495462778609	0.2757687548168348	0.5734389571237171	0.4105601474911041	0.35520212060967526
centrifuge_db3	POL.36	115.85808045566692	0.3282277726239947	0.6287187041793909	0.3983476203006608	0.34782608695652173
centrifuge_db3	SEN.8	78.91537216264965	0.17708056087766913	0.5397864440624754	0.4130284188386703	0.3616587355540449
centrifuge_db3	SGP.52	106.91401482197132	0.26749777063301994	0.6013131982220322	0.39650344058712417	0.34811383189940437
centrifuge_db3	SRB.37	98.05037274380922	0.20299567357014206	0.4232269166125154	0.4084329658332276	0.35738831615120276
centrifuge_db3	SVK.9	99.93216867858678	0.22676071456818275	0.5068227153405168	0.41266138283988996	0.35748138117806366
centrifuge_db3	SVN.38	105.09688543214835	0.3615096075945428	0.6446283688248713	0.40449181109561955	0.3475493316359007
centrifuge_db3	SWE.41	105.24695615818283	0.25280870115307685	0.5388730830641277	0.39743832568725745	0.3397190293742018
centrifuge_db3	SWE.41a	97.97000511646553	0.21774065471934423	0.4481197309329699	0.4141622276795937	0.35732984293193715
centrifuge_db3	TCD.1	67.50365519157825	0.10676953850894075	0.30739773633553086	0.40965429639696394	0.35583941605839414
centrifuge_db3	TGO.44	105.26080975409367	0.29047523287854315	0.6043293936230213	0.4000199837659511	0.3566101694915254
centrifuge_db3	TUR.46	77.33447642208417	0.15303409198450496	0.5050752268632627	0.41447008404863994	0.37047970479704795
centrifuge_db3	TZA.15	97.03024452893266	0.2639145544056335	0.5178008278499502	0.40152480128885487	0.3505016722408027
centrifuge_db3	USA.74	110.83563609157292	0.30995389442931354	0.6513124745439637	0.4036626315531891	0.3470967741935484
centrifuge_db3	USA.74a	100.55858276325237	0.226328394324142	0.49838301610943997	0.4146871173172414	0.36154366960054163
centrifuge_db3	USA.74b	113.68868320582517	0.3473755089727227	0.6846380053359625	0.4106406887065248	0.3429271279853031
centrifuge_db3	USA.74c	105.4530235205584	0.31743176132005496	0.6183642526773742	0.393542003578259	0.34664861205145564
centrifuge_db3	USA.74d	100.40906356331017	0.2597697253114074	0.5817954618044687	0.409828583079212	0.35185185185185186
centrifuge_db3	USA.74e	101.2971299825775	0.22650312584715082	0.4971939432904989	0.40544250870639037	0.3515151515151515
centrifuge_db3	USA.74f	110.0898241211905	0.30535814929429306	0.6155917151088723	0.3936521276855272	0.3452054794520548
centrifuge_db3	USA.74g	105.53987809489773	0.27153159336106714	0.5638303540497034	0.3979528126699402	0.33354797166773986
centrifuge_db3	USA.74h	105.68760525074887	0.2585554085309911	0.5657603853200994	0.4018432996135485	0.345489443378119
centrifuge_db3	USA.74i	111.1311278542319	0.3048080659509911	0.6336034804338162	0.40040835091489996	0.34957764782326184
centrifuge_db3	VNM.48	69.9605218009413	0.14118909751713016	0.45443672549215225	0.4042463703143474	0.3538681948424069
centrifuge_db3	XK.60	96.14358874379509	0.16554084005514033	0.33998242088854763	0.41046236122446444	0.36103542234332425
centrifuge_db3	ZAF.39	107.95075843924025	0.28362767550472523	0.5738340408149176	0.40019549129028587	0.3593414459556192
centrifuge_db3	ZMB.49	106.4506885052463	0.24986187714458705	0.5124230267858111	0.41259207286119454	0.35477582846003897
centrifuge_db3	ZMB.49b	105.22116776572652	0.26968899054606743	0.5960136900738475	0.40761667057386264	0.33865030674846625
diamond_db6_unificado	ALB.17	82.70360444257548	0.08072424894126767	0.22906136937078364	0.3929823372075073	0.5727782698553292
diamond_db6_unificado	AUS.18	81.48386064196676	0.15382398953759938	0.35536479235390406	0.41034859141763114	0.5869134170522141
diamond_db6_unificado	AUS.18a	95.30665040698081	0.2128461700127714	0.48610450496618096	0.40716351051910105	0.5774597495527728
diamond_db6_unificado	AUT.70	89.32884758275335	0.11239240158739822	0.3403227453106258	0.3977531656163061	0.5704573547589616
diamond_db6_unificado	BGR.66	80.42066194537236	0.12475233958910197	0.3569450825323005	0.40605486232869803	0.569811320754717
diamond_db6_unificado	BRA.53	86.20458695028587	0.18881761120378754	0.41746781911045755	0.4035569932293562	0.5593945376768674
diamond_db6_unificado	BRA.53a	119.82061495367944	0.26468620911351953	0.5559361867132664	0.35036761972673214	0.56992230854606
diamond_db6_unificado	BWA.19	114.09048741721324	0.18593839190830266	0.44021912975960975	0.3753488252732797	0.5533175355450237
diamond_db6_unificado	CAN.22	104.17253263095482	0.19696580106931655	0.44926160002077464	0.38676486320716946	0.5766290498725882
diamond_db6_unificado	CAN.22a	108.19008664863115	0.17567155459087785	0.43803599759003004	0.3869173692164485	0.5519657454262359
diamond_db6_unificado	CAN.22b	91.24663597325383	0.19203572903039648	0.44000690984103535	0.38408638127060735	0.5786322092656792
diamond_db6_unificado	CAN.22c	104.15598290815305	0.20884699740866614	0.4829585774294957	0.393479197423821	0.5695287655391732
diamond_db6_unificado	CHE.67	103.23512266181811	0.17430567195435218	0.4619501729980686	0.3819861091372368	0.5786707882534776
diamond_db6_unificado	CHN.64	124.62804671421003	0.2563518738725224	0.5619915976846785	0.35759698998576644	0.5673913043478261
diamond_db6_unificado	CIV.13	102.08732009677199	0.15330804478538856	0.38283977654903417	0.3817538963672025	0.571101573676681
diamond_db6_unificado	COL.2	111.09941805056617	0.1722056086040986	0.37924863639049866	0.36145936351917113	0.5233587786259541
diamond_db6_unificado	CZE.23	95.97674602414959	0.19283165679544606	0.4415810556900677	0.3864285951012368	0.5658508158508159
diamond_db6_unificado	DEU.27	102.81706312326443	0.16492444424449332	0.3925468059436842	0.38737380647643743	0.5764590805347245
diamond_db6_unificado	DNK.71_RA	99.70652586713703	0.190802110108526	0.48265697536413854	0.375290774620215	0.570466030320045
diamond_db6_unificado	DNK.71_RD	92.27304404151802	0.1727382692611008	0.4473052707006592	0.37951396651563335	0.5657370517928287
diamond_db6_unificado	DNK.71_RL	100.16511425571386	0.18358733435301128	0.4625331716734229	0.38946876318144413	0.5685873062298917
diamond_db6_unificado	ECU.14	57.93429924486283	0.07922971410206864	0.3407887333393654	0.43779958035010397	0.5587101296880477
diamond_db6_unificado	ECU.14a	115.20114109613738	0.20115478511051588	0.43154580217335303	0.37733949265450895	0.5681953543776057
diamond_db6_unificado	ESP.75	103.90084975026694	0.20441853305997096	0.46590065605923137	0.361797051911698	0.5828466031355671
diamond_db6_unificado	ETH.24	90.77549901385039	0.10889614644854916	0.31363176299851825	0.39664811911418324	0.5575432319618366
diamond_db6_unificado	FIN.25	97.77526812498658	0.18332482595597607	0.4565542630339541	0.3819943216812592	0.5685980186130292
diamond_db6_unificado	GEO.59	54.39215009161158	0.059259610641584796	0.24564059921837228	0.43875719937119395	0.5549780087964814
diamond_db6_unificado	GHA.4	124.31176122731748	0.2660291679243639	0.5513923062619016	0.3387726906930161	0.5492081447963801
diamond_db6_unificado	HRV.68	91.03872213732683	0.15709601145993562	0.42964343225065366	0.4071918997482966	0.5728835136855506
diamond_db6_unificado	HUN.61	117.85285133394291	0.21918897599857734	0.49365322781198034	0.38967658110153164	0.5188679245283019
diamond_db6_unificado	IND.11	103.80825245939836	0.219596083637509	0.5034059998134575	0.36778123001105495	0.5668449197860963
diamond_db6_unificado	IRL.69	81.38207184538423	0.10194187269045216	0.29676836375487925	0.4075365670955298	0.5662015503875969
diamond_db6_unificado	IRN.12	85.88256278703146	0.19407160252171368	0.4427013514457018	0.39513332820547653	0.5602859928501788
diamond_db6_unificado	ISL.28	78.31012606677115	0.09097668259229547	0.2817389696063427	0.40595546868690235	0.5689206762028609
diamond_db6_unificado	ISR.29	108.68000469734038	0.16572383085952205	0.4088156379826438	0.39231184615717835	0.5544554455445545
diamond_db6_unificado	ITA.30	93.94881011039124	0.13955954627211253	0.39973418449043585	0.3679875204975755	0.5612158739093723
diamond_db6_unificado	KAZ.6	82.01596820862314	0.17454296698297955	0.40610443719055583	0.4059862976589919	0.5608272506082725
diamond_db6_unificado	KEN.72	97.19681138128857	0.1823176786002555	0.41539570304111606	0.38192762435408684	0.5698550724637681
diamond_db6_unificado	KHM.21	105.2542982914469	0.12658581592943835	0.364475393843289	0.3614727478563406	0.542528735632184
diamond_db6_unificado	LKA.40	52.89805849793913	0.025655122466584558	0.11984722899281589	0.41343456542843265	0.539333562349708
diamond_db6_unificado	LUX.32	91.40797830200921	0.13261645152868326	0.41360618352775824	0.39387085874193106	0.5710942071386775
diamond_db6_unificado	LVA.31	102.19891336078999	0.17390003010107852	0.4178119917747412	0.4006646095720215	0.5714285714285714
diamond_db6_unificado	MDA.65	78.0537290237681	0.07698434217177325	0.18844932847522144	0.3971212345275329	0.5602543720190779
diamond_db6_unificado	MKD.62	87.62247315451131	0.1325950852409523	0.3778086949839122	0.38852811967911965	0.5626582278481013
diamond_db6_unificado	MLT.63	88.63702809548612	0.15475477193046983	0.3447075990459286	0.38523623251275985	0.5615550755939525
diamond_db6_unificado	MYS.54	99.46635425123065	0.17020044128312456	0.4139739673940147	0.3888658531491352	0.5755795981452859
diamond_db6_unificado	NGA.50	113.16094784218289	0.20442752523290017	0.46053697979567104	0.37363792318208905	0.5686103858427618
diamond_db6_unificado	NLD.43	125.59548910025539	0.29360364682149964	0.572614738625759	0.3570264490865105	0.5961313012895663
diamond_db6_unificado	NOR.34	85.81126142837577	0.14344986052476077	0.4038776184230123	0.40601493643079817	0.5678704856787049
diamond_db6_unificado	NPL.33	101.65910227545926	0.24598204359252734	0.5340617608827344	0.3755157434803888	0.5612215499855949
diamond_db6_unificado	NZL.56	60.41160119514933	0.06974155492445189	0.24152712875432114	0.417550856182702	0.558437399935959
diamond_db6_unificado	PAK.7	108.39312478542202	0.1879030576161359	0.42417568349934903	0.37145509699113854	0.568269762299613
diamond_db6_unificado	PER.35	97.66358415206912	0.16475884253092532	0.39602552853975825	0.4053026181616695	0.5724508050089445
diamond_db6_unificado	POL.36	113.86003396617565	0.21408393363195108	0.4741603187777061	0.37580635298654835	0.5637353193927241
diamond_db6_unificado	SEN.8	70.83193946697237	0.04309784025102415	0.15850638101197145	0.39044266600732247	0.5547135495604729
diamond_db6_unificado	SGP.52	112.2022928808954	0.19292153672525797	0.4553405370620771	0.36391934612635934	0.5566890119498689
diamond_db6_unificado	SRB.37	88.02900451456829	0.13831864822656226	0.37730132145434025	0.3935076801147504	0.5602769908718918
diamond_db6_unificado	SVK.9	96.20344170517924	0.1669898179987857	0.4443735118687058	0.39803300091182536	0.5651519711104424
diamond_db6_unificado	SVN.38	100.42735963624496	0.2852839610297228	0.5359239078945247	0.3771153625135227	0.5788728405550836
diamond_db6_unificado	SWE.41	99.66862470304838	0.1497556335261802	0.3920456484507074	0.37615425803759256	0.5681564245810056
diamond_db6_unificado	SWE.41a	89.32711092835603	0.1594338578813552	0.4220009003929936	0.3891904778607867	0.5710050400237178
diamond_db6_unificado	TCD.1	52.964126848469505	0.0450899011574042	0.1938678470517068	0.4332928686020635	0.5350389321468298
diamond_db6_unificado	TGO.44	98.26858261767981	0.2428517744071526	0.5164721404985907	0.3387104808978136	0.5451378809869376
diamond_db6_unificado	TUR.46	63.82355827533384	0.07886365462593087	0.304337357466368	0.4193060711152593	0.5535465924895688
diamond_db6_unificado	TZA.15	87.88547181745521	0.17556009990878813	0.3996487803743024	0.40109934529943875	0.5634383279364145
diamond_db6_unificado	USA.74	113.59419332950306	0.17476715294521422	0.4420186212494296	0.3662550270323881	0.5559888579387187
diamond_db6_unificado	USA.74a	96.69387330907534	0.15103585405808606	0.37649082756794156	0.3856090027363922	0.5639913232104121
diamond_db6_unificado	USA.74b	121.64156361105296	0.2932788658270942	0.6037004647437034	0.35401830202293216	0.5880044843049327
diamond_db6_unificado	USA.74c	96.92680068171835	0.2089807028933329	0.43793678175123363	0.3857445008263661	0.5585973546601046
diamond_db6_unificado	USA.74d	97.31525850314704	0.19776906123380994	0.46198543675165693	0.39179743347633994	0.5748031496062992
diamond_db6_unificado	USA.74e	94.72441484612384	0.14261577594854052	0.34739922503317405	0.39161899933587474	0.5701890300588782
diamond_db6_unificado	USA.74f	109.0431389707478	0.16084096566767733	0.3863406512712708	0.37297321352753865	0.5601039636127355
diamond_db6_unificado	USA.74g	101.75781591132791	0.23127798603763788	0.4861262253736336	0.3779952205562229	0.5774647887323944
diamond_db6_unificado	USA.74h	99.09189183895705	0.18221671658627786	0.4422787999195198	0.3785520928151392	0.5698134539287734
diamond_db6_unificado	USA.74i	112.09321532697284	0.1829680125594238	0.4546702640809801	0.3680001290169849	0.5567415730337079
diamond_db6_unificado	VNM.48	56.43252771905864	0.03586385681223146	0.11681729594616652	0.41113091591536843	0.552461139896373
diamond_db6_unificado	XK.60	84.16779947755022	0.12106331942203569	0.3081219917093426	0.4017704288160512	0.5627892625732799
diamond_db6_unificado	ZAF.39	99.09465615912546	0.15736537943174872	0.3825021635304777	0.3985420398649074	0.5485421339314323
diamond_db6_unificado	ZMB.49	101.77596586170765	0.1580463432609926	0.3968747425864031	0.3821645147552094	0.5662580268534735
diamond_db6_unificado	ZMB.49b	101.15940198418832	0.18928695133005558	0.4587977880915451	0.374654419430327	0.5902310617139515
ganon_db11	ALB.17	79.15330908367564	0.11062892984666794	0.27659641064580603	0.41600835862261587	0.5494880546075085
ganon_db11	AUS.18	81.90462341706412	0.18537634597292674	0.42467067268487174	0.3964379834925419	0.5066287878787878
ganon_db11	AUS.18a	92.44137660253138	0.2794706531316862	0.5481503167918527	0.4123183322526342	0.5143692157817827
ganon_db11	AUT.70	87.71384899406691	0.1358418137974477	0.3438755932478091	0.41568108165335665	0.542463317029791
ganon_db11	BGR.66	79.91247492326627	0.1661247498003537	0.44015843432597757	0.4187656108883353	0.5400921658986175
ganon_db11	BRA.53	84.76869142756507	0.2750543792634997	0.5617664028654665	0.42574374822353267	0.5371263259402121
ganon_db11	BRA.53a	106.71432303671054	0.28658832315102256	0.5939954020083176	0.3832618960938243	0.5339366515837104
ganon_db11	BWA.19	104.26031802926312	0.19056240559024268	0.4613688156937469	0.4071805877691496	0.5354545454545454
ganon_db11	CAN.22	99.77663980213592	0.2855531710889868	0.5670573627890424	0.3817961302542613	0.4602551521099117
ganon_db11	CAN.22a	97.01740307540095	0.3033842326532743	0.5943977259534494	0.4138996879706605	0.48970506399554814
ganon_db11	CAN.22b	89.06495279977577	0.24687985125587922	0.5344893344184423	0.4110257703139093	0.530469092503288
ganon_db11	CAN.22c	100.69703295502951	0.2941974880129897	0.5967172304447588	0.42582873962954626	0.5701168614357263
ganon_db11	CHE.67	98.91666567431551	0.22809710912081596	0.5421451518246034	0.3853059289343215	0.5090744101633394
ganon_db11	CHN.64	108.67896766085494	0.26152665413558956	0.5402704627325259	0.39585198422280476	0.5597162002364998
ganon_db11	CIV.13	96.62571313561114	0.23852906150474595	0.5053919402815932	0.4100155422965081	0.5459890802183957
ganon_db11	COL.2	93.08616889726389	0.21985055680975402	0.5090834599922399	0.4245455726031852	0.5379715825575698
ganon_db11	CZE.23	91.18637706524996	0.24674223393604772	0.528064048634686	0.41516061197755794	0.5516351118760757
ganon_db11	DEU.27	100.38455381225931	0.23749766339573802	0.500641844343611	0.4045008827907949	0.5234590616375345
ganon_db11	DNK.71_RA	97.03772585942193	0.2608903467509148	0.5563540714936315	0.3984868717080055	0.5518638573743923
ganon_db11	DNK.71_RD	90.81413574245487	0.25450419026019394	0.5415950450684858	0.4186894600194961	0.5699272433306386
ganon_db11	DNK.71_RL	95.06349520940022	0.2519308900966594	0.5418255097364475	0.4120324505162342	0.5582380347310462
ganon_db11	ECU.14	63.25037687044925	0.11254318812548485	0.33586558063038024	0.4406636794180634	0.5478217325988983
ganon_db11	ECU.14a	104.54349013962434	0.22590252326757004	0.4820496799015991	0.41852432622164953	0.5533769063180828
ganon_db11	ESP.75	101.14293855155142	0.2895946998235933	0.5942184795960263	0.3794270880763238	0.5155440414507773
ganon_db11	ETH.24	89.29320356970354	0.18012247287728617	0.4580255734495892	0.42202819283658055	0.5571054925893636
ganon_db11	FIN.25	96.23775334312406	0.2448342644593593	0.5408334387619338	0.4127898683641978	0.5426561125769569
ganon_db11	GEO.59	53.7916001800044	0.09705286718508156	0.33561648741875727	0.433974899677225	0.5149560117302053
ganon_db11	GHA.4	105.50934002545922	0.37176121379694904	0.6666887246005284	0.3769217901249509	0.5253333333333333
ganon_db11	HRV.68	91.34743841793865	0.23273220841626935	0.5404728291007467	0.41387429853325525	0.5403411710465652
ganon_db11	HUN.61	106.601848833149	0.2518488870444349	0.5274940337661724	0.41657653013233387	0.5138653084323712
ganon_db11	IND.11	91.72038750162544	0.2061729013957873	0.4766579811883182	0.3915564346879662	0.5307333615938957
ganon_db11	IRL.69	80.50308089197438	0.14483278124636534	0.34517001589953883	0.42543094938767223	0.5478961504028648
ganon_db11	IRN.12	86.55035070744313	0.22251235346461312	0.49061559340566874	0.4142309527218525	0.5396527451900516
ganon_db11	ISL.28	76.53450542529693	0.15898018029670818	0.40642027017313964	0.40919336038533677	0.5270655270655271
ganon_db11	ISR.29	98.01944958329466	0.2661284594014842	0.5271993872832204	0.4283319386666989	0.5206213176218533
ganon_db11	ITA.30	84.97356902786751	0.21702674877147857	0.5559964165438439	0.3942266734155431	0.551062942892872
ganon_db11	KAZ.6	82.62764892922084	0.22520262803399207	0.49154078478958946	0.4278905518145182	0.5576668139637649
ganon_db11	KEN.72	94.18876877297821	0.23821745663523652	0.5146619787115074	0.4135873868822606	0.5607321131447587
ganon_db11	KHM.21	95.17552555665755	0.2765836387117522	0.6229439564178275	0.4050712405639172	0.54608999563128
ganon_db11	LKA.40	51.678609041825716	0.03569465325833613	0.13784914666518686	0.44274696270727215	0.5414078674948241
ganon_db11	LUX.32	89.12618550214474	0.20323774813088963	0.5150384702884133	0.4310439058137503	0.5743801652892562
ganon_db11	LVA.31	98.95184165482802	0.2329076587048757	0.49116360277959886	0.42369963218403117	0.5458736745043798
ganon_db11	MDA.65	75.18058636589375	0.09893745459032224	0.24680700301202463	0.41335210449801035	0.5319645356976201
ganon_db11	MKD.62	86.9479383498839	0.19262530895347246	0.4670662371515388	0.4084356860123413	0.5304792926942764
ganon_db11	MLT.63	83.52896988526554	0.13418290848669287	0.2992957016896841	0.4071940110534906	0.5348837209302325
ganon_db11	MYS.54	93.97215943507068	0.1726656654246313	0.4413361107249252	0.40363781246975694	0.5238744884038199
ganon_db11	NGA.50	103.1146408927605	0.20908019405128836	0.46940738953934713	0.40177052250648104	0.5395189003436426
ganon_db11	NLD.43	109.34546111551516	0.3664966760154909	0.6431209731254643	0.33170769207998424	0.44767970882620567
ganon_db11	NOR.34	84.55669228043868	0.17840510079989005	0.4363502032155011	0.41553721394798077	0.5426356589147286
ganon_db11	NPL.33	97.12968971825828	0.2871123145798819	0.5767583737175705	0.40089770789213663	0.5478079331941544
ganon_db11	NZL.56	61.70915596746394	0.1099087000950971	0.34396645246379176	0.434616906432968	0.5522107243650047
ganon_db11	PAK.7	100.74124366602803	0.22995939622026923	0.4895714925543079	0.3964587130886386	0.5521669341894061
ganon_db11	PER.35	94.39132197157379	0.24000156758455868	0.516371133536194	0.4341689314146309	0.5740818910932883
ganon_db11	POL.36	105.68948298939158	0.2748453733823333	0.5313607167103249	0.4074846903704092	0.5528317836010144
ganon_db11	SEN.8	66.7108370690457	0.04321970834855125	0.1758637561622949	0.4260956208529871	0.5600350569675723
ganon_db11	SGP.52	98.03050269194546	0.19553605467237556	0.4817840837989441	0.390126276917247	0.5219337511190689
ganon_db11	SRB.37	87.10899322000596	0.1909037913148846	0.45124874269241194	0.42904942775066457	0.5548504079782411
ganon_db11	SVK.9	91.3214235829067	0.2489533991195476	0.5507035351386599	0.4184877687847667	0.5519964896884598
ganon_db11	SVN.38	92.11746767067338	0.1844220901096978	0.3968487894948871	0.40661216293643576	0.5612616255560049
ganon_db11	SWE.41	96.21522645141506	0.20170207189914446	0.46002095623937883	0.39163395662202866	0.5472154963680388
ganon_db11	SWE.41a	88.32391568806713	0.21099323846420479	0.4644976037836373	0.4056757058834714	0.5461571489909832
ganon_db11	TCD.1	50.42935421771795	0.04289080190721817	0.22451871200271223	0.39902490638273275	0.44556596971881757
ganon_db11	TGO.44	90.20050334022645	0.24755394366768876	0.504245655427968	0.38302265712650957	0.5336363636363637
ganon_db11	TUR.46	63.38631177202419	0.10702110406545401	0.3942249466516051	0.43138533522209355	0.5361875637104995
ganon_db11	TZA.15	82.76055404388286	0.21278272643694557	0.48543786746257067	0.42526486604606073	0.5623660522931847
ganon_db11	USA.74	104.42003622867512	0.23450740051733504	0.5200478046023834	0.39535441321016324	0.5433430111986728
ganon_db11	USA.74a	89.28894301505629	0.18155449973431304	0.4208076344720708	0.4014421946109609	0.531953195319532
ganon_db11	USA.74b	105.23430597964081	0.28019641373281945	0.5861765037511912	0.3592239851532303	0.5029337803855826
ganon_db11	USA.74c	93.81312717524702	0.32105198240307364	0.606391817978413	0.41588286820348946	0.5484444444444444
ganon_db11	USA.74d	92.8813555784084	0.25329561105275444	0.5367012149342554	0.42613617423135147	0.5575757575757576
ganon_db11	USA.74e	91.96834052983367	0.22221011497854387	0.4735618272533241	0.41574476637342006	0.5406871609403255
ganon_db11	USA.74f	98.81523986794609	0.28312197998066857	0.5686441736585478	0.4003723885219712	0.5113801452784503
ganon_db11	USA.74g	96.8732749653408	0.2722165737010166	0.5396035292274415	0.3834282111898601	0.4867674858223062
ganon_db11	USA.74h	95.12352666041228	0.2584991568439655	0.5411904568641613	0.39584385221382495	0.5500807754442649
ganon_db11	USA.74i	105.33747942526837	0.20939923292667142	0.4957260967881626	0.4065662185257543	0.5598991172761665
ganon_db11	VNM.48	56.66752408748916	0.04568714173138861	0.16922781842629642	0.4185855774802864	0.5391221374045801
ganon_db11	XK.60	84.0117728945835	0.14544991402112156	0.33538480517388763	0.4256114648723747	0.5624178712220762
ganon_db11	ZAF.39	96.90200584172443	0.22045553209429963	0.48368689975843865	0.42008594188194337	0.5416276894293732
ganon_db11	ZMB.49	98.25503082295916	0.19606491768441447	0.46270126255617194	0.4101248070887195	0.549851506151888
ganon_db11	ZMB.49b	94.05213836335025	0.1941210553273244	0.4907840381157908	0.3832287347619809	0.5131022823330516
kaiju_db5	ALB.17	102.20740175981592	0.09300471933744353	0.26127622122147093	0.3736324799103635	0.5601436265709157
kaiju_db5	AUS.18	101.16799185606959	0.1825278884869473	0.42096176630796367	0.36433989868398037	0.5433070866141733
kaiju_db5	AUS.18a	115.38721150149915	0.22476513838296244	0.4618799855200608	0.3698090713170517	0.5478446958116784
kaiju_db5	AUT.70	109.04520022931771	0.11774456243572826	0.3375764434409993	0.37325359888310206	0.5438543247344462
kaiju_db5	BGR.66	100.75668787403305	0.1326876413371295	0.35707325189018446	0.37262294123472434	0.5482202616367509
kaiju_db5	BRA.53	103.79071064510143	0.2563835553730667	0.5009226465058306	0.3814157554400924	0.533953488372093
kaiju_db5	BRA.53a	145.2166406808218	0.28812101259757206	0.6229338506018565	0.31101582786450016	0.5638766519823789
kaiju_db5	BWA.19	138.57783179386766	0.2129206209766965	0.5112372938142404	0.3442141433101975	0.5414767547857794
kaiju_db5	CAN.22	124.66932166661555	0.19137980369958507	0.46032317675554624	0.350409688676587	0.5644970414201184
kaiju_db5	CAN.22a	129.83062875887248	0.18090824051108656	0.455446355440247	0.35766298540861596	0.5184251968503937
kaiju_db5	CAN.22b	112.4782748674837	0.1844673208550022	0.4511854717518754	0.3546205804599877	0.5650623885918004
kaiju_db5	CAN.22c	129.52596656166455	0.21950713079484502	0.500057990077667	0.3607441412573138	0.5518072289156627
kaiju_db5	CHE.67	125.91040310510306	0.17256891446528522	0.45097220727486825	0.35418244513582303	0.5605743344301526
kaiju_db5	CHN.64	148.89156049415388	0.26738952700441004	0.5974246725590147	0.31405422129723654	0.5593869731800766
kaiju_db5	CIV.13	127.32653315761942	0.20264021145869837	0.4872498888412205	0.3504822281474496	0.5572405590246804
kaiju_db5	COL.2	139.11877405090894	0.23874404577543462	0.5203526967432519	0.3263706193446175	0.5180533751962323
kaiju_db5	CZE.23	122.68568805160479	0.21212913647230475	0.49748876836249445	0.36130854850769606	0.5553887721404983
kaiju_db5	DEU.27	124.08600068302893	0.17807611783868768	0.4379620768856811	0.35766240884971523	0.5507683037059355
kaiju_db5	DNK.71_RA	122.4116777600396	0.18449933186206213	0.47685553966280186	0.35345043029252876	0.5592163846838825
kaiju_db5	DNK.71_RD	113.72570620402328	0.166452130473309	0.424669239395609	0.3615874262867216	0.5581395348837209
kaiju_db5	DNK.71_RL	121.76356317258436	0.17425451821098387	0.4420762277660574	0.3632891840894126	0.5560240963855422
kaiju_db5	ECU.14	80.13581407786305	0.07602290685676352	0.30372862545780616	0.3906008963697153	0.5125756128621458
kaiju_db5	ECU.14a	139.24072357626787	0.22226359394735673	0.49877565631734827	0.337260261844657	0.548854041013269
kaiju_db5	ESP.75	123.51441554433603	0.20053265551107674	0.4551129826384569	0.3259449160474379	0.562481709101551
kaiju_db5	ETH.24	113.45834814729322	0.14587569685595897	0.38175366816362444	0.36125690745186134	0.5418448381185095
kaiju_db5	FIN.25	121.46125685961324	0.18297629754082123	0.458144856394402	0.36418577879954633	0.5574954846478025
kaiju_db5	GEO.59	75.1081741007845	0.07797754076876981	0.2916045265889181	0.39144633519546	0.4969025105966743
kaiju_db5	GHA.4	151.42800446666888	0.31420947717401493	0.6595843081238965	0.30174072572960475	0.5463326290371264
kaiju_db5	HRV.68	114.58318662707389	0.14957120805310786	0.4014269492274874	0.36638635752512655	0.5418960244648318
kaiju_db5	HUN.61	141.35352052679426	0.23114057175610467	0.5260420378673293	0.34136768066929396	0.4761277576555812
kaiju_db5	IND.11	129.54877970693843	0.2108203670741764	0.4945663137506494	0.3385671424813854	0.5614973262032086
kaiju_db5	IRL.69	100.10470691916744	0.09947145050913005	0.29639624891145316	0.38031348080689426	0.539119804400978
kaiju_db5	IRN.12	105.79940430354756	0.1955144838946863	0.46361985992781607	0.37113723138709126	0.5337858685590867
kaiju_db5	ISL.28	100.01844647835854	0.10638227773966352	0.31191954766395324	0.3691106469456643	0.5387226164763962
kaiju_db5	ISR.29	125.3404025051533	0.16561489335470908	0.4060223047294117	0.36593394548030816	0.5215748031496062
kaiju_db5	ITA.30	119.70222269014779	0.16402592901498705	0.3998822194016287	0.33034274461732915	0.5534591194968553
kaiju_db5	KAZ.6	105.80918748750743	0.18255443464214915	0.43649512551837566	0.3656505014360395	0.5399633923123855
kaiju_db5	KEN.72	119.01227433688655	0.22944569076842003	0.48343608217759476	0.36269313556072896	0.5630778407396362
kaiju_db5	KHM.21	137.61959394701324	0.2064186714502137	0.5021787030483584	0.3220990359195274	0.5427962229667986
kaiju_db5	LKA.40	64.74988714913442	0.028809910784234997	0.11996268806354438	0.3865343016033446	0.505283381364073
kaiju_db5	LUX.32	109.62509580689972	0.13056799747970244	0.3739366493441401	0.36850130882319326	0.5506462278328825
kaiju_db5	LVA.31	124.11144183212694	0.1828693128403582	0.44877415641004564	0.3631521093576713	0.5415007656967841
kaiju_db5	MDA.65	98.73407809391651	0.09134985640254792	0.2588059096866577	0.36975297520297495	0.5348120764017252
kaiju_db5	MKD.62	109.82665945057637	0.13476370478918548	0.3636458359007939	0.36078982337006144	0.543398533007335
kaiju_db5	MLT.63	111.73692695779391	0.16833503127013488	0.40828581556128773	0.35108772906371805	0.5435179549604382
kaiju_db5	MYS.54	122.99504200463227	0.17476543914346415	0.4450553094871224	0.36015647443015025	0.552202776101388
kaiju_db5	NGA.50	137.54160209426496	0.22575221754143698	0.5148061170319989	0.3425612097500686	0.5580143540669856
kaiju_db5	NLD.43	149.94052930293526	0.31627922694271116	0.6261158657557744	0.30402678498997243	0.5744803695150116
kaiju_db5	NOR.34	108.6292032512892	0.14406546981481758	0.4018426269420223	0.36487274569628014	0.5447328244274809
kaiju_db5	NPL.33	122.72654890577662	0.2654819945057821	0.5502141208317657	0.3456048763824862	0.5497601918465228
kaiju_db5	NZL.56	80.78598562043949	0.08045023167377374	0.30405028564780373	0.3842956179666329	0.5325038880248834
kaiju_db5	PAK.7	135.48781904871962	0.22999247789616656	0.5160543526548518	0.3328598696917511	0.558649289099526
kaiju_db5	PER.35	116.34888498066104	0.20383043328409658	0.46494176345348215	0.37573038867895503	0.5501207729468599
kaiju_db5	POL.36	140.06371358974206	0.23209873827909183	0.5158243991025132	0.3400658530168144	0.5510020939276099
kaiju_db5	SEN.8	88.17366063321356	0.04854596953379493	0.20371449756598478	0.3751915886526341	0.5436774587660355
kaiju_db5	SGP.52	137.994842019931	0.21074270669567025	0.5089046769292003	0.33019124321852156	0.5484162895927602
kaiju_db5	SRB.37	106.83287962428376	0.1359799811369088	0.34892191244208914	0.3754066187979091	0.5407725321888412
kaiju_db5	SVK.9	117.35155741776947	0.1468757823657731	0.4062956601100109	0.36209678516416705	0.5412983846388296
kaiju_db5	SVN.38	123.34048831496631	0.19670090624395653	0.4716142031493803	0.3444468704728532	0.5656685443225615
kaiju_db5	SWE.41	124.20691949984983	0.16020097843721592	0.4129967421855073	0.34761568525342634	0.5578635014836796
kaiju_db5	SWE.41a	108.75831184094635	0.16683762270041905	0.3995283718760403	0.3693333634731985	0.5567567567567567
kaiju_db5	TCD.1	61.78220848172602	0.022371090228579554	0.08446885456346882	0.398737868913226	0.4785840707964602
kaiju_db5	TGO.44	133.91126402907597	0.25438739126397614	0.5443384648955935	0.30628048928242224	0.538297223069881
kaiju_db5	TUR.46	82.1897706420268	0.07204861119123342	0.29813744496703276	0.3922738441048725	0.517862788491938
kaiju_db5	TZA.15	109.4068919273463	0.21274603125953004	0.4646046314788681	0.3659746052159711	0.5476624165148756
kaiju_db5	USA.74	139.3374990605806	0.21477323093584377	0.5202191527084534	0.33631342600359426	0.5552238805970149
kaiju_db5	USA.74a	117.38312558668808	0.16318214777955112	0.3900430516997415	0.3584033147841378	0.5463414634146342
kaiju_db5	USA.74b	147.87443901986225	0.3028383944071904	0.6258545740915402	0.3117754272568332	0.5724258289703316
kaiju_db5	USA.74c	117.98931718149439	0.2198520518708627	0.4709538336935321	0.36309163469252	0.5457317073170732
kaiju_db5	USA.74d	115.86768052693773	0.1873102360175815	0.45648106602790206	0.36373360026949303	0.5538461538461539
kaiju_db5	USA.74e	113.91051683764577	0.1615002205324898	0.38583264173349985	0.36997785471979017	0.5505925250683683
kaiju_db5	USA.74f	132.37965413773958	0.20200272455387094	0.46267528404135594	0.3475413204967121	0.5448992058643861
kaiju_db5	USA.74g	121.29458937503985	0.22994543618997576	0.49326749551769544	0.34427850480241873	0.5592867756315008
kaiju_db5	USA.74h	122.60452533699427	0.19785901799619654	0.46818721595128254	0.3502409003195493	0.5604754829123328
kaiju_db5	USA.74i	141.2161438144996	0.21911027977578879	0.5205005384542167	0.35248601155053316	0.5541591861160982
kaiju_db5	VNM.48	76.11225701264536	0.040435654628375	0.15338089733927562	0.3855134670854464	0.5276303465501093
kaiju_db5	XK.60	102.09072708748798	0.117133612523066	0.30016944904603454	0.37159503329134214	0.5414499847048027
kaiju_db5	ZAF.39	120.53545577847949	0.1864460974433652	0.4362753613872253	0.3682581574512782	0.524804992199688
kaiju_db5	ZMB.49	124.91452931361984	0.18807904655956548	0.45263224078075803	0.3563663816761973	0.5567195450463933
kaiju_db5	ZMB.49b	125.43882354795034	0.1955900580773356	0.4738468791634749	0.3372848996271636	0.5719277810133955
kraken2_db1	ALB.17	76.4170950656871	0.11768189101581913	0.3422172371435725	0.38096706962823823	0.30539311241065625
kraken2_db1	AUS.18	78.3406983853571	0.21026939115302534	0.5338039256522497	0.3355409932475333	0.2376237623762376
kraken2_db1	AUS.18a	88.50796175355234	0.22323556835886166	0.5389869070936144	0.3596351490236665	0.2664776754075124
kraken2_db1	AUT.70	81.96076831986413	0.14544694441080389	0.4087975304416019	0.39388924185004515	0.3086335825968729
kraken2_db1	BGR.66	75.59053786401469	0.20610527237701237	0.5569509802876192	0.3586978345570393	0.2785862785862786
kraken2_db1	BRA.53	79.0156802035096	0.2652886299037728	0.6058133324439537	0.3760264333016724	0.2936046511627907
kraken2_db1	BRA.53a	102.0505078501642	0.34324225246233436	0.6792382899944663	0.3704420384132159	0.2921630094043887
kraken2_db1	BWA.19	101.61687729273324	0.2200772629874319	0.5215960675613128	0.35501181993358527	0.27158774373259054
kraken2_db1	CAN.22	98.68106316696763	0.2778747587120812	0.6033210118856708	0.3258027473558603	0.20680272108843537
kraken2_db1	CAN.22a	96.39049289769744	0.2516260692789515	0.5896175706058824	0.32273384055168064	0.21129032258064517
kraken2_db1	CAN.22b	86.09356429723667	0.2274553952577265	0.5409943031554194	0.36054806903516695	0.26710526315789473
kraken2_db1	CAN.22c	95.68399516374767	0.28644250151718575	0.635834019729486	0.39708940627959766	0.3226229508196721
kraken2_db1	CHE.67	93.38209084504415	0.25659572041926015	0.6186206072862757	0.3517846788683879	0.25271739130434784
kraken2_db1	CHN.64	106.05992675096007	0.2737940004591935	0.5938091409837751	0.36092878279956014	0.29768605378361473
kraken2_db1	CIV.13	92.38705934035963	0.2416296661765811	0.5661624437606128	0.3775025236062856	0.30256410256410254
kraken2_db1	COL.2	91.10196959683651	0.21881800247478098	0.5475028866603117	0.36145320008572074	0.28313253012048195
kraken2_db1	CZE.23	86.83304904953174	0.26579532793059835	0.6150578617405495	0.3711295184439076	0.28303152246814217
kraken2_db1	DEU.27	96.11594314752276	0.2256512314487392	0.5397244252836219	0.34909102866802433	0.2537931034482759
kraken2_db1	DNK.71_RA	92.12853345521522	0.2825704205613562	0.6370539849635415	0.3811206244676346	0.3137254901960784
kraken2_db1	DNK.71_RD	84.89389658924871	0.27184629009221756	0.6250625195455045	0.39184179690275817	0.3167305236270754
kraken2_db1	DNK.71_RL	89.78596356252106	0.2649267341363966	0.6030001921383639	0.37823159379190885	0.30218687872763417
kraken2_db1	ECU.14	62.435254983926065	0.1401446563612434	0.4180678014066303	0.36000735881543205	0.2690152121697358
kraken2_db1	ECU.14a	102.1704798387539	0.2436717284019409	0.5391814970656439	0.357547193335961	0.27800269905533065
kraken2_db1	ESP.75	97.6110513585716	0.28735000257775833	0.6522300521066828	0.35486061015858655	0.26208651399491095
kraken2_db1	ETH.24	83.55110689539909	0.2091878850683706	0.5560799444945835	0.3712134952111493	0.3076923076923077
kraken2_db1	FIN.25	90.53691535538816	0.2379629297193794	0.5811115720863373	0.36375558767888383	0.2828418230563003
kraken2_db1	GEO.59	54.05349209652	0.08262015551078927	0.2534842135856127	0.3549564126540722	0.24912280701754386
kraken2_db1	GHA.4	105.09075257742055	0.30754977449278864	0.6428734064442437	0.3459582472559832	0.2664835164835165
kraken2_db1	HRV.68	85.34752955069948	0.26080957507095326	0.633099575341204	0.3590635556960228	0.26676176890156916
kraken2_db1	HUN.61	102.42568312439592	0.2668971110242231	0.5943622355097724	0.3627550048544773	0.2751322751322751
kraken2_db1	IND.11	87.82216306357968	0.22806665918563707	0.4867103130524769	0.3680387917852937	0.29161290322580646
kraken2_db1	IRL.69	76.92312304247824	0.14361309573192615	0.40549198446769313	0.38947656042721557	0.30758620689655175
kraken2_db1	IRN.12	82.69143744951711	0.2810173802679379	0.6088315719500562	0.3487889668518801	0.2727272727272727
kraken2_db1	ISL.28	75.06839175766636	0.2587469516539296	0.6153660734279577	0.3628533198917957	0.27765726681127983
kraken2_db1	ISR.29	97.66850121976823	0.1778940788142488	0.44417410087834835	0.3367782372475852	0.23659305993690852
kraken2_db1	ITA.30	79.70018401135094	0.29017087483052156	0.6793175532915982	0.3489313284570911	0.26871657754010697
kraken2_db1	KAZ.6	78.77330589873904	0.2571305070907095	0.5803553775879914	0.3731741737976877	0.3023255813953488
kraken2_db1	KEN.72	87.48957079179571	0.24368593956184886	0.5765392301110094	0.3706177639590419	0.3069053708439898
kraken2_db1	KHM.21	88.68797960361834	0.1477342762688244	0.41551159840622676	0.36671150954238824	0.30414120841819414
kraken2_db1	LKA.40	52.57802697059596	0.03579712677438693	0.16615383327355301	0.379112335402163	0.294770206022187
kraken2_db1	LUX.32	82.80397889931479	0.24869444796832146	0.6182939210885394	0.40413317456515374	0.33031088082901555
kraken2_db1	LVA.31	95.88529518472743	0.214921645954598	0.4910545936157416	0.33882844959459163	0.25251076040172166
kraken2_db1	MDA.65	72.45456782346659	0.10910827565994133	0.3209225872521821	0.3683246272405983	0.297029702970297
kraken2_db1	MKD.62	80.51310303539981	0.2286912247404834	0.57643044873594	0.3627437743052152	0.2794943820224719
kraken2_db1	MLT.63	81.18405468261237	0.15923024177516099	0.4308607175824924	0.37107660670278303	0.27349228611500703
kraken2_db1	MYS.54	90.76265989290025	0.18823223584495083	0.49203884441160567	0.34588298504727794	0.2656675749318801
kraken2_db1	NGA.50	100.52829390970103	0.2454436310551667	0.56079400316112	0.37277150169065787	0.30039011703511054
kraken2_db1	NLD.43	107.47936686448502	0.37210747357299545	0.7250447608451287	0.29052156585699096	0.18205461638491546
kraken2_db1	NOR.34	79.88818911023691	0.2219600064919025	0.5654657817483217	0.374917883993807	0.2893081761006289
kraken2_db1	NPL.33	91.3912623844241	0.24769585788269632	0.4868284005414649	0.39725772639410356	0.32883750802825945
kraken2_db1	NZL.56	59.77660444330788	0.13776355444923488	0.41350081758109203	0.40134669477691415	0.30814380044020545
kraken2_db1	PAK.7	96.35568880155482	0.2643774594912602	0.5705506070010914	0.3780263218703549	0.3168440826549781
kraken2_db1	PER.35	91.31447861596509	0.23336885286337383	0.5260885593402447	0.4082588814972867	0.34285714285714286
kraken2_db1	POL.36	102.7465122090626	0.2503051452571286	0.5496077078684487	0.34950009603719806	0.2779973649538867
kraken2_db1	SEN.8	66.67522357713648	0.0426265810904026	0.14719890054285703	0.3783060715010951	0.31041524846834584
kraken2_db1	SGP.52	94.59146258846795	0.1794710199670203	0.47282187723043434	0.3564378139669925	0.2713019768234492
kraken2_db1	SRB.37	82.08830807791954	0.2093799598893595	0.5374060737706721	0.3842456300775268	0.3064066852367688
kraken2_db1	SVK.9	84.9032726007849	0.26672588133583314	0.6282865448771485	0.3981767216991351	0.3064182194616977
kraken2_db1	SVN.38	87.79688620287835	0.29487544225703544	0.5975030734487626	0.3828578495064517	0.3206011271133375
kraken2_db1	SWE.41	89.44318311135041	0.203414614574947	0.5221143930786212	0.379949894512119	0.3106060606060606
kraken2_db1	SWE.41a	81.94099602169882	0.2054012468365366	0.537260216559765	0.3756623048391891	0.3040629095674967
kraken2_db1	TCD.1	54.957509649821276	0.03446063276179734	0.1309451197946096	0.3030838707659081	0.18794688457609807
kraken2_db1	TGO.44	86.39390193246042	0.2401029895944943	0.5771353738576245	0.33711452776401796	0.25622775800711745
kraken2_db1	TUR.46	65.52877287409912	0.10103855479323329	0.3250898858831968	0.3478997121584692	0.24821002386634844
kraken2_db1	TZA.15	80.3938690479044	0.2676516317261324	0.5784322633566308	0.3806709233530337	0.31593038821954483
kraken2_db1	USA.74	99.959631687972	0.20827032180352334	0.5350249066674096	0.3640365353883879	0.2949547218628719
kraken2_db1	USA.74a	86.13042784506159	0.18006496055169735	0.46415657570408214	0.37448637497059084	0.2875
kraken2_db1	USA.74b	102.47237546509803	0.2791263093740092	0.6078034931364819	0.3304795228837921	0.23954372623574144
kraken2_db1	USA.74c	90.56069109524374	0.2730596778053327	0.5691798788881525	0.37731634897080735	0.3067484662576687
kraken2_db1	USA.74d	88.53950452646815	0.18819522638471467	0.48635156519921113	0.3890851291154312	0.31779382797110967
kraken2_db1	USA.74e	87.71487855209867	0.1867077439230208	0.4499401120542472	0.3744974579443712	0.29720518064076346
kraken2_db1	USA.74f	96.57983188519829	0.21411834081901515	0.5140563247162095	0.3516828261332182	0.2557142857142857
kraken2_db1	USA.74g	93.31605769364748	0.2887241992017767	0.5841861013697636	0.3310283686417934	0.22388059701492538
kraken2_db1	USA.74h	90.34175634972989	0.2735867545104471	0.6112337119207116	0.39771356780904943	0.32914572864321606
kraken2_db1	USA.74i	99.54877509450927	0.25686900089782677	0.5941569074231627	0.376981923564732	0.30709173715029275
kraken2_db1	VNM.48	56.91286876811849	0.06412446262349454	0.21880431136445824	0.36864223751579067	0.2795216741405082
kraken2_db1	XK.60	80.4631407632943	0.15388781040131494	0.405671357793047	0.3980007705058518	0.3274215552523875
kraken2_db1	ZAF.39	94.31362610133922	0.18804595359605059	0.472380279406085	0.3616688970207214	0.29635036496350364
kraken2_db1	ZMB.49	93.39931299303294	0.2085552004638435	0.5028744140837316	0.371427048467018	0.31036703155183515
kraken2_db1	ZMB.49b	91.78534306940197	0.2532132807338229	0.5829602432560042	0.3487390540393886	0.2632563942607611
metaphlan_db4	ALB.17	89.99994904453817	0.09572156482812169	0.2363358504515003	0.2230975898268869	0.1707147814018043
metaphlan_db4	AUS.18	87.58084119161164	0.13602871960792923	0.3281203178145661	0.2025756649144492	0.11951588502269289
metaphlan_db4	AUS.18a	100.15821865291734	0.19756969008434921	0.4680011059448188	0.18204487333193353	0.10616705698672912
metaphlan_db4	AUT.70	97.34852148954955	0.11904973950424289	0.29538651687709483	0.2146535295039805	0.15654718361375275
metaphlan_db4	BGR.66	84.08436037838509	0.10875083076678384	0.27958518679600436	0.2331282966180062	0.14864864864864866
metaphlan_db4	BRA.53	91.38790443081108	0.16662056123460683	0.3825945313157708	0.18881489963649897	0.13668499607227022
metaphlan_db4	BRA.53a	115.69541953344529	0.2858925254881418	0.5083622501407183	0.1985838500911612	0.14227642276422764
metaphlan_db4	BWA.19	114.83288636557879	0.19800657632322205	0.42076477405083346	0.2069718951607721	0.14666666666666667
metaphlan_db4	CAN.22	111.18945796000453	0.30606606250924084	0.5745445150446813	0.14583935883967017	0.06222222222222222
metaphlan_db4	CAN.22a	108.11236186928602	0.22917338270110993	0.452652676807751	0.137814845761207	0.055062166962699825
metaphlan_db4	CAN.22b	97.67996671450928	0.17981998836668117	0.4358017741885744	0.2237881473891839	0.15341701534170155
metaphlan_db4	CAN.22c	110.33213978476856	0.23282405866120393	0.48504260502238883	0.24801947650045553	0.2037164487267722
metaphlan_db4	CHE.67	105.48816339895933	0.15843845019830283	0.3718499115289294	0.18211106140189207	0.11927272727272727
metaphlan_db4	CHN.64	119.92444677771562	0.2785530186401577	0.535128341371715	0.20250876420535507	0.1584956346541303
metaphlan_db4	CIV.13	103.60184527202772	0.19817407465852846	0.4424639232000747	0.2373109390961958	0.1718213058419244
metaphlan_db4	COL.2	104.41425978564006	0.1880573784783784	0.4468606627497327	0.20221712364000036	0.1429731925264013
metaphlan_db4	CZE.23	96.7189728165723	0.16649011209666192	0.37078332470968056	0.22801671570123086	0.15977175463623394
metaphlan_db4	DEU.27	108.63875249594203	0.24189286645148755	0.5042401417976725	0.20242507512699953	0.12850812407680945
metaphlan_db4	DNK.71_RA	105.00630803609798	0.17569811235220512	0.40717972076720466	0.2224545082125931	0.18327759197324414
metaphlan_db4	DNK.71_RD	99.10393421747143	0.1544964048992022	0.38145556953790083	0.22827271008416936	0.20852459016393443
metaphlan_db4	DNK.71_RL	104.28536983756204	0.19092396829300928	0.4381594337246538	0.21752113970453307	0.17622377622377622
metaphlan_db4	ECU.14	67.75157652310021	0.0705423964648447	0.1920493413498644	0.24605236135997044	0.1552901023890785
metaphlan_db4	ECU.14a	117.42066024266008	0.26568629265567706	0.5241798606229744	0.20642186360230258	0.15007215007215008
metaphlan_db4	ESP.75	107.98460892758588	0.23004055660816783	0.4360924043455375	0.22114760560037502	0.14488828706838186
metaphlan_db4	ETH.24	95.9432741219207	0.12668762956302046	0.30999094958428997	0.22285107321733927	0.18911174785100288
metaphlan_db4	FIN.25	102.3895963291706	0.17014313791460134	0.4191304855600125	0.23633936592515414	0.16714285714285715
metaphlan_db4	GEO.59	62.53915963736764	0.05473795609920081	0.17380068867192197	0.18008616494749005	0.08871745419479267
metaphlan_db4	GHA.4	111.83368029378566	0.32012991081996844	0.6478456082896304	0.20470856662329817	0.12527964205816555
metaphlan_db4	HRV.68	95.69430152318934	0.13744800843551	0.3219214449310303	0.2003791247004162	0.1289332310053722
metaphlan_db4	HUN.61	114.27538195623674	0.29924590272166507	0.5800084292183946	0.17194682142122764	0.0962671905697446
metaphlan_db4	IND.11	102.66285088573593	0.21052907574922675	0.45373744929557036	0.20759959664642988	0.17104377104377105
metaphlan_db4	IRL.69	89.43666208442801	0.110018452512152	0.26932783608882044	0.24960361458825295	0.18699780861943024
metaphlan_db4	IRN.12	91.9536356354969	0.2434624706325334	0.5239729102258708	0.20809927729079447	0.14517374517374518
metaphlan_db4	ISL.28	85.47091700430362	0.10526861285114608	0.25687830723081484	0.19977824051546003	0.1369649805447471
metaphlan_db4	ISR.29	110.22644847183403	0.22468865450708866	0.4394159493377635	0.17381972258940953	0.08665511265164645
metaphlan_db4	ITA.30	87.1076749641121	0.134532860055243	0.31028699217848527	0.2218524374420399	0.15830388692579506
metaphlan_db4	KAZ.6	87.53396038998562	0.18377603761149716	0.42582025524423334	0.2364885388374468	0.17582417582417584
metaphlan_db4	KEN.72	101.24566269919019	0.16793620163478293	0.3888196852742508	0.2209481245447551	0.18585858585858586
metaphlan_db4	KHM.21	94.79093360370341	0.07040689520618361	0.18440138716147716	0.22494533050470247	0.15840118430792005
metaphlan_db4	LKA.40	58.40609697673108	0.017711857975518785	0.07932203093632618	0.24554283397500515	0.16151202749140894
metaphlan_db4	LUX.32	96.1612217680732	0.12483843330295619	0.3090594486278938	0.2495503600519289	0.2088135593220339
metaphlan_db4	LVA.31	107.23968974513195	0.22129930230685796	0.47867798152478686	0.21585220641769368	0.1484848484848485
metaphlan_db4	MDA.65	83.4258494258327	0.09444438569027831	0.2375150785796131	0.21225704440349574	0.15897047691143074
metaphlan_db4	MKD.62	93.40637920709953	0.1361741035611379	0.33091176853181214	0.19817296026053563	0.14414414414414414
metaphlan_db4	MLT.63	89.98846922285259	0.23070152283054643	0.5045447588384634	0.24455005687614767	0.17033773861967694
metaphlan_db4	MYS.54	105.3438233425959	0.1711893232265792	0.37944225840551254	0.19092254632796674	0.13682678311499272
metaphlan_db4	NGA.50	115.73739171671271	0.22257202848388488	0.48751529456968035	0.20398341499295225	0.16122307157748436
metaphlan_db4	NLD.43	114.93704215308144	0.35191286099628616	0.5686079026245552	0.13719106403939052	0.056140350877192984
metaphlan_db4	NOR.34	92.048098059076	0.12265708516674986	0.28568029208342105	0.2071442300505666	0.1518987341772152
metaphlan_db4	NPL.33	108.58502942975319	0.26791826474217906	0.5551581308891981	0.21482117347130256	0.19665551839464884
metaphlan_db4	NZL.56	67.84791915132016	0.09672899861234796	0.22319158336278705	0.23617509488128416	0.15943172849250198
metaphlan_db4	PAK.7	108.78353924991258	0.20297602038494547	0.4410911860904987	0.23493250252871667	0.20325732899022803
metaphlan_db4	PER.35	106.7841875130314	0.28634559312491537	0.5672522247600608	0.23182390291414942	0.18954703832752615
metaphlan_db4	POL.36	113.87217381324908	0.2519320150273028	0.516233189139116	0.24221541592735343	0.1781489213639527
metaphlan_db4	SEN.8	76.327106760434	0.03644343769003558	0.14045000405462046	0.2518628016875337	0.1997126436781609
metaphlan_db4	SGP.52	106.01646718238668	0.17355962182753581	0.37424877802953804	0.20940205310147064	0.13676470588235295
metaphlan_db4	SRB.37	94.76175088696355	0.14369899647211531	0.3482939248700931	0.2172843356201233	0.16530156366344007
metaphlan_db4	SVK.9	97.29572147079166	0.1414262913066184	0.3414684179608456	0.24164917128691626	0.17715959004392387
metaphlan_db4	SVN.38	98.45152942331333	0.16882482840883384	0.38989106600666734	0.2363984267966412	0.18958611481975968
metaphlan_db4	SWE.41	104.2821105367725	0.16595077494592045	0.39651109503598725	0.22725237524699118	0.19405940594059407
metaphlan_db4	SWE.41a	96.57110073113307	0.14101893240216637	0.3425562896398306	0.20670500936878541	0.16185784658691063
metaphlan_db4	TCD.1	60.343166120685346	0.0220218641675008	0.11449685241924848	0.17857286651992202	0.06637168141592921
metaphlan_db4	TGO.44	94.65430045004635	0.3257750934126373	0.5782763184325974	0.1888352957829785	0.11846153846153847
metaphlan_db4	TUR.46	72.79341915457024	0.06677450785178445	0.2735982170324795	0.22358584743172089	0.12048192771084337
metaphlan_db4	TZA.15	94.90897580825691	0.19200031465386144	0.4212511471635519	0.19554120008659445	0.18029350104821804
metaphlan_db4	USA.74	114.14863265744492	0.18986921920941904	0.446684096028912	0.21612723790986033	0.170446735395189
metaphlan_db4	USA.74a	102.69135975627192	0.15590427407924548	0.38248099140879244	0.21716206767357826	0.16311535635562086
metaphlan_db4	USA.74b	113.33384578796692	0.2908022442020586	0.5549563584273434	0.19011890925537886	0.12043301759133965
metaphlan_db4	USA.74c	102.79203271294824	0.2894586879821609	0.5531081907198189	0.22682564970642927	0.17693981145757795
metaphlan_db4	USA.74d	103.59124616046603	0.1750583071794714	0.44483164824108934	0.23335021453609486	0.19153365718251214
metaphlan_db4	USA.74e	101.9586279791384	0.21231238600428887	0.4381485063128438	0.22125089087666902	0.16715116279069767
metaphlan_db4	USA.74f	108.71173169863583	0.2819796704372993	0.5457004592512191	0.18494659870749103	0.1130030959752322
metaphlan_db4	USA.74g	107.17244402537342	0.33474626524439277	0.6108294571484818	0.16879004710198717	0.10021786492374728
metaphlan_db4	USA.74h	102.78864807944309	0.24014927957191565	0.5103621294195113	0.24165746744464592	0.21442495126705652
metaphlan_db4	USA.74i	111.04445253856869	0.22242196489672486	0.493359837772088	0.20840004784238153	0.15719298245614036
metaphlan_db4	VNM.48	64.05616244457788	0.052382450092130876	0.2237234455500471	0.22707942381060633	0.14779116465863454
metaphlan_db4	XK.60	96.28845590775022	0.1488021624637915	0.35206575425472264	0.20750950378556934	0.1788031723143475
metaphlan_db4	ZAF.39	106.74923426347489	0.21651101694564667	0.4617741151927284	0.22649372401682907	0.16914643696162882
metaphlan_db4	ZMB.49	105.75119801480223	0.1918934049097772	0.42185507484847967	0.23090555273640215	0.19131614654002713
metaphlan_db4	ZMB.49b	105.57121891895062	0.2033367514233963	0.4331826988154785	0.194137841936341	0.14049039098740887
motus_db8	ALB.17	87.74748692388567	0.1163881211929857	0.26403897832203643	0.27622481771631785	0.17755681818181818
motus_db8	AUS.18	88.2316029758832	0.1774843870681211	0.457197766440536	0.22547008690324968	0.1110254433307633
motus_db8	AUS.18a	103.12323323364849	0.29303786989269587	0.5968604773280378	0.19655679095005424	0.09402390438247012
motus_db8	AUT.70	91.66076191782825	0.14630662756781038	0.331701556791434	0.27941071165190073	0.1672890216579537
motus_db8	BGR.66	84.86898068906356	0.16071281891738728	0.38211873580291966	0.26322758882441255	0.14406130268199233
motus_db8	BRA.53	90.67659008879748	0.2673999431525555	0.5751278941181919	0.24701728422921793	0.137429264349232
motus_db8	BRA.53a	110.44154758890006	0.3001083600502652	0.5667967298134986	0.2587001783546556	0.14809688581314878
motus_db8	BWA.19	111.05061688624276	0.21384429170163116	0.4743118719103783	0.24049230762895654	0.13445378151260504
motus_db8	CAN.22	110.0719158783668	0.311634751565776	0.5889946170230387	0.17701407963271623	0.06557377049180328
motus_db8	CAN.22a	108.5420386445874	0.2603176259345926	0.5138227395431371	0.1455343295020823	0.0484304932735426
motus_db8	CAN.22b	96.65226878225994	0.28738729679851727	0.5729520610220067	0.2564218484553614	0.14080459770114942
motus_db8	CAN.22c	105.16380650974936	0.266639055949998	0.5339908178366761	0.3060514577047974	0.20498220640569395
motus_db8	CHE.67	102.56712858070652	0.20421563139820936	0.4629699850320356	0.23300865815286712	0.1201780415430267
motus_db8	CHN.64	112.8848771278187	0.2533989111179451	0.5143181998967017	0.30255502532524325	0.18591934381408065
motus_db8	CIV.13	99.73866464960217	0.2137257568608023	0.5123755849349937	0.2937874231798126	0.17696629213483145
motus_db8	COL.2	99.51620943246905	0.18872815519017672	0.46882858156026813	0.24501992917366294	0.14154870940882597
motus_db8	CZE.23	95.98852560855185	0.21250752510262116	0.4351998526645692	0.2668370671385833	0.1588921282798834
motus_db8	DEU.27	105.85550691885348	0.21852931533343867	0.49281652578018714	0.22990066044743473	0.11666666666666667
motus_db8	DNK.71_RA	98.01681643089611	0.23438301996038485	0.4954423736551432	0.30878566941577834	0.20273972602739726
motus_db8	DNK.71_RD	92.88189605268234	0.2204232410379552	0.4685414092752303	0.3036855244621514	0.21311475409836064
motus_db8	DNK.71_RL	98.4521223541763	0.22951581819909433	0.4831057811330223	0.28568607089738707	0.17945007235890015
motus_db8	ECU.14	69.80313052812824	0.15790554396971956	0.36854390412189797	0.26815794055772335	0.15264527320034693
motus_db8	ECU.14a	113.60343560739415	0.23913184859601466	0.4963908195022258	0.2440520989411868	0.14771048744460857
motus_db8	ESP.75	107.19080149773924	0.2861543768086543	0.5624438193770696	0.24802691042512892	0.13221990257480862
motus_db8	ETH.24	91.44607529562846	0.21467477084809117	0.5198154451251146	0.2888232270339037	0.1952662721893491
motus_db8	FIN.25	98.40242687521588	0.23595340676137438	0.5062118352988758	0.2782542914553303	0.16642335766423358
motus_db8	GEO.59	63.67967226267932	0.11497995785389384	0.2534509729077839	0.20782784340051638	0.09496124031007752
motus_db8	GHA.4	111.23176792211731	0.2697996883227037	0.5796596753970398	0.24654289371951857	0.13273001508295626
motus_db8	HRV.68	95.00523406621963	0.16518703632345688	0.3703705235422034	0.2319721302888831	0.12116443745082613
motus_db8	HUN.61	112.50294059066059	0.305896282299379	0.5723647889848654	0.20551521391759459	0.09580838323353294
motus_db8	IND.11	95.55648667265227	0.20853265259274512	0.4371078064081948	0.28939283692730433	0.17634709587123862
motus_db8	IRL.69	84.97234593201834	0.11254011261265043	0.2609278798386815	0.31132949608778154	0.1974569932685116
motus_db8	IRN.12	90.78892103729929	0.24467003629854978	0.5352804433804703	0.2526041028671635	0.14001591089896578
motus_db8	ISL.28	84.57150714992834	0.22153495008783577	0.5243882661760872	0.2641513588478638	0.15043547110055425
motus_db8	ISR.29	110.97622859037702	0.22719201623656554	0.45671989982042915	0.176932755763997	0.08202443280977312
motus_db8	ITA.30	84.43974425045589	0.1770428673014609	0.39588212574593595	0.29084568193871546	0.17253774263120059
motus_db8	KAZ.6	87.06923528818271	0.2685576363654807	0.5509280921870632	0.2793077437515129	0.1680545041635125
motus_db8	KEN.72	95.35341490681044	0.24664788436477045	0.5361268463459197	0.29341672663404145	0.18526315789473685
motus_db8	KHM.21	90.3989762341758	0.06974862708737184	0.18707816038483022	0.28240390556920497	0.16363636363636364
motus_db8	LKA.40	62.0030484264039	0.09055423771870764	0.23686101725040415	0.26737378939321277	0.14854111405835543
motus_db8	LUX.32	89.81511750042924	0.12193634470058648	0.32760140344348554	0.32559198676113055	0.21518987341772153
motus_db8	LVA.31	105.02685541125093	0.24049535175496378	0.4996181893857125	0.24087829248151468	0.13427010148321625
motus_db8	MDA.65	80.65912797343067	0.10662709823475894	0.23990281034871672	0.26451553285251234	0.15384615384615385
motus_db8	MKD.62	91.24890851726325	0.1803127539063697	0.4054148582379289	0.24057759096019557	0.1404320987654321
motus_db8	MLT.63	89.40436369970168	0.18712235026988755	0.3720060179496419	0.26908658373349087	0.15721844293272866
motus_db8	MYS.54	100.14974442658102	0.2143255456584928	0.4715941328924666	0.2539744106352291	0.1417910447761194
motus_db8	NGA.50	106.18751599664304	0.189147786236297	0.46650609243414776	0.2891509627289105	0.1757142857142857
motus_db8	NLD.43	115.42815060802539	0.3883332333155796	0.6675414211250654	0.14148479852371332	0.04819277108433735
motus_db8	NOR.34	88.73377108096903	0.1977672057886719	0.4251219057826222	0.26595325466909947	0.15584415584415584
motus_db8	NPL.33	100.79424144142389	0.30589023674624527	0.6055539504893209	0.2781679672692477	0.19228070175438597
motus_db8	NZL.56	66.33795622937407	0.14643249118012489	0.32821078551491695	0.2951043345880462	0.17321571772253408
motus_db8	PAK.7	98.66628338083056	0.25972430610399944	0.5404272967790884	0.3311547513566027	0.21694915254237288
motus_db8	PER.35	101.91802048289281	0.2955324371001952	0.568894448840856	0.2879766961454307	0.1900647948164147
motus_db8	POL.36	109.45818322526141	0.27342502030116356	0.5347898318564119	0.28242572571115393	0.1667864845434939
motus_db8	SEN.8	71.21021236053598	0.03968931141779081	0.14581919763674964	0.28533281207689004	0.18127340823970037
motus_db8	SGP.52	104.1773364355321	0.18130187974411566	0.45164047913938643	0.25302354084348544	0.14050822122571002
motus_db8	SRB.37	92.06355605850634	0.19510222671885008	0.4297075724716105	0.2613298886651499	0.15846153846153846
motus_db8	SVK.9	93.47306452129584	0.16415579494047516	0.3939968154108978	0.30596906503981686	0.19196428571428573
motus_db8	SVN.38	92.7793234272483	0.1894594852397073	0.4133980036723162	0.3002256187813919	0.19270474879559532
motus_db8	SWE.41	96.37224465573476	0.20088082333356014	0.4469967876235228	0.30613072820229864	0.19903912148249828
motus_db8	SWE.41a	91.94732844417231	0.20749010391172315	0.4394245353513124	0.2787939033080224	0.17435158501440923
motus_db8	TCD.1	63.18072217994439	0.08193027831062405	0.2295413731067646	0.1801943490814758	0.06437291897891231
motus_db8	TGO.44	92.08765607282136	0.27552206413124525	0.5095089125511326	0.2504089068618263	0.13364413364413363
motus_db8	TUR.46	76.09503734511422	0.11272540999534827	0.29274900840260787	0.21798716366842327	0.11274934952298352
motus_db8	TZA.15	88.28017550247127	0.24816021404127753	0.4962938381909962	0.2840523037819855	0.18594436310395315
motus_db8	USA.74	108.91907413553022	0.20522673627242166	0.4719113788673245	0.2947515681481961	0.1916083916083916
motus_db8	USA.74a	98.3072896333827	0.23292026247512093	0.45807989088929546	0.25685686427888044	0.14961832061068703
motus_db8	USA.74b	111.37001053900995	0.2817742140681413	0.5340053882410513	0.23013779392878386	0.11118832522585129
motus_db8	USA.74c	99.06972903264929	0.2782549403229565	0.5403551230762313	0.2830354761123932	0.18059701492537314
motus_db8	USA.74d	97.02965844519022	0.2507086194672943	0.5195357336286185	0.29118635835947654	0.18862491000719941
motus_db8	USA.74e	96.83768354515252	0.19974546234840596	0.4607173258030244	0.28834917275647726	0.1746268656716418
motus_db8	USA.74f	107.26794148560035	0.19994802761423536	0.46153319020877004	0.21687301109215373	0.1075098814229249
motus_db8	USA.74g	104.35011996037525	0.3506995281597235	0.6164462036295763	0.20251418214567257	0.09474463360473723
motus_db8	USA.74h	97.30759442140491	0.25628581014454727	0.5165319822346846	0.3235554751178873	0.22672064777327935
motus_db8	USA.74i	107.79553409309003	0.18453088670988732	0.41385686208141326	0.2702452990025708	0.1628242074927954
motus_db8	VNM.48	62.63553117395709	0.05542619621188335	0.23222732187213063	0.26556995111608656	0.14332784184514002
motus_db8	XK.60	88.54513869056377	0.1653868959593239	0.36123925982881794	0.2930109734524323	0.1962825278810409
motus_db8	ZAF.39	102.46747736438363	0.21061487309226154	0.4549031153512846	0.263709634054833	0.16006467259498788
motus_db8	ZMB.49	100.31749320888964	0.22193736038786185	0.48063814988759	0.29294194629234516	0.19127988748241911
motus_db8	ZMB.49b	101.33300535582497	0.28222395637101094	0.5716267216892352	0.25125861089044443	0.14382632293080055
