sample,run_accession,instrument_platform,fastq_1,fastq_2,fasta
ITA.30,ERR1713367,ILLUMINA,00-reads/ERR1713367_R1.fastq.gz,00-reads/ERR1713367_R2.fastq.gz,
KAZ.6,ERR1713368,ILLUMINA,00-reads/ERR1713368_R1.fastq.gz,00-reads/ERR1713368_R2.fastq.gz,
KEN.72,ERR1713369,ILLUMINA,00-reads/ERR1713369_R1.fastq.gz,00-reads/ERR1713369_R2.fastq.gz,
KHM.21,ERR1713370,ILLUMINA,00-reads/ERR1713370_R1.fastq.gz,00-reads/ERR1713370_R2.fastq.gz,
LKA.40,ERR1713371,ILLUMINA,00-reads/ERR1713371_R1.fastq.gz,00-reads/ERR1713371_R2.fastq.gz,
LUX.32,ERR1713372,ILLUMINA,00-reads/ERR1713372_R1.fastq.gz,00-reads/ERR1713372_R2.fastq.gz,
LVA.31,ERR1713373,ILLUMINA,00-reads/ERR1713373_R1.fastq.gz,00-reads/ERR1713373_R2.fastq.gz,
MDA.65,ERR1713374,ILLUMINA,00-reads/ERR1713374_R1.fastq.gz,00-reads/ERR1713374_R2.fastq.gz,
MKD.62,ERR1713375,ILLUMINA,00-reads/ERR1713375_R1.fastq.gz,00-reads/ERR1713375_R2.fastq.gz,
MLT.63,ERR1713376,ILLUMINA,00-reads/ERR1713376_R1.fastq.gz,00-reads/ERR1713376_R2.fastq.gz,
