herramienta	muestra	Aitchison	JSD	BrayCurtis	Spearman	F1
bracken_db2	ALB.17	81.1390002166988	0.10556851757417879	0.27828301362959806	0.32607067149014574	0.27367055771725035
bracken_db2	AUS.18	83.2945901822524	0.17433775586599276	0.3838899240165235	0.3086233403564779	0.21875
bracken_db2	AUS.18a	93.72571915048891	0.22018917799546084	0.48173934512218086	0.2927813731253558	0.21174764321972445
bracken_db2	AUT.70	88.62625477371502	0.13169935160929205	0.328837300445932	0.32612061271970066	0.26748133061778684
bracken_db2	BGR.66	81.31081842696693	0.15972321463721	0.40867220961268014	0.30636246837877606	0.24055944055944056
bracken_db2	BRA.53	85.06861411136241	0.24073993748758454	0.45981479236844947	0.316780085131228	0.2585330428467683
bracken_db2	BRA.53a	108.00168746893189	0.2996527628962316	0.6040728453349581	0.2999722354286002	0.24605678233438485
bracken_db2	BWA.19	106.47873425652274	0.18495763990002334	0.4484065768448289	0.30061893543958135	0.24481327800829875
bracken_db2	CAN.22	104.74036033892686	0.26692812884659445	0.5570889801570917	0.25014572424882137	0.14705882352941177
bracken_db2	CAN.22a	103.61056279511354	0.24463749274895102	0.5387616784686121	0.22724079233415398	0.13277310924369748
bracken_db2	CAN.22b	90.7966653063192	0.20394227495404832	0.4675057039185003	0.3119884995490908	0.2454308093994778
bracken_db2	CAN.22c	100.62331710129018	0.2718321573095977	0.566239283447356	0.3513803361335939	0.31873015873015875
bracken_db2	CHE.67	99.09408784398566	0.24003034168194035	0.5449649546493932	0.30167244509910107	0.22358554873892297
bracken_db2	CHN.64	110.84054587357971	0.26897759079932626	0.5310300735477872	0.3184794478056254	0.2753894080996885
bracken_db2	CIV.13	97.96284236071676	0.1895834747970282	0.42160697990660434	0.3237531612484333	0.2751592356687898
bracken_db2	COL.2	96.03811618344609	0.20220913926266473	0.501882242228042	0.3111373810325219	0.25413533834586466
bracken_db2	CZE.23	92.6634396915381	0.22544476671815245	0.501320792844411	0.3132536094103704	0.25681969394544246
bracken_db2	DEU.27	101.14390226329763	0.21640449907122727	0.4660795922040431	0.3102529408541201	0.22623178348369188
bracken_db2	DNK.71_RA	98.00241228078366	0.2559326058404928	0.5474373066687963	0.31383716004682927	0.2873065015479876
bracken_db2	DNK.71_RD	90.58295736263413	0.2393898717257265	0.5179511576762823	0.33467111056629656	0.31157635467980294
bracken_db2	DNK.71_RL	95.40704701281115	0.23717669063718663	0.5125426696835705	0.3284403341390334	0.27934426229508197
bracken_db2	ECU.14	65.96135031803993	0.1072836288152186	0.33254439799883206	0.31415120263222435	0.24603174603174602
bracken_db2	ECU.14a	106.63633494866085	0.220768171567865	0.48748104219957816	0.3137002267394646	0.25336927223719674
bracken_db2	ESP.75	100.31804406627758	0.2603516010011007	0.5581890275472305	0.3242472258807931	0.2520478890989288
bracken_db2	ETH.24	90.05495514693322	0.13147184557657576	0.33482716162773307	0.3009643100489314	0.27863362357669125
bracken_db2	FIN.25	95.39473536506338	0.22109103944056263	0.48909859356972235	0.32231188092348034	0.2673726009265387
bracken_db2	GEO.59	58.09211786284632	0.08778977001041693	0.3081233948315446	0.2948749290284145	0.2016057091882248
bracken_db2	GHA.4	108.26027299562129	0.26871846182962567	0.5315176148139927	0.2838352589654353	0.21896792189679218
bracken_db2	HRV.68	90.68872979205601	0.21054878449576414	0.507256323436393	0.32255939344281254	0.25159010600706716
bracken_db2	HUN.61	107.26951205813872	0.2486089199525463	0.5213326701291832	0.30056067622167376	0.21330902461257975
bracken_db2	IND.11	94.44511719114531	0.20342849285077197	0.455307494539727	0.2980151705721279	0.2570332480818414
bracken_db2	IRL.69	82.78943289612904	0.1388929852458966	0.3435614699314128	0.3343204225303445	0.2806297056810404
bracken_db2	IRN.12	87.43135211673223	0.19203270084114935	0.4314040131273268	0.2966376939089242	0.2440775305096913
bracken_db2	ISL.28	80.64057662880172	0.12399967003202512	0.3007495247969286	0.29935082253372364	0.2359796067006555
bracken_db2	ISR.29	102.80682067416313	0.19331421310177066	0.4333702510519759	0.28362023780807516	0.19936204146730463
bracken_db2	ITA.30	83.40116874573876	0.21859402067276026	0.5322745235436057	0.3286185478822392	0.2749185667752443
bracken_db2	KAZ.6	82.55064175920224	0.1961323498679316	0.4286101078827753	0.3320861247029907	0.2802721088435374
bracken_db2	KEN.72	93.31352013254418	0.20990591829498476	0.4371008953642913	0.3213401360163414	0.28553379658875555
bracken_db2	KHM.21	93.9976492009716	0.2138208122002053	0.5496683350644715	0.3221284890363234	0.2671232876712329
bracken_db2	LKA.40	52.94371043362691	0.028562946303496196	0.1252124066575082	0.3460072871613696	0.25345247766043866
bracken_db2	LUX.32	87.97288489396126	0.20461268942497796	0.5092671245726358	0.36140225444534246	0.31705770450221943
bracken_db2	LVA.31	99.75448687478017	0.21409206388221302	0.46077683930778446	0.3176828258585609	0.24034334763948498
bracken_db2	MDA.65	75.367324143643	0.08480547983852328	0.23392944130229532	0.33427172623826673	0.26514611546685674
bracken_db2	MKD.62	87.25198786639393	0.1827752875398356	0.45265296561563306	0.3128511840888756	0.25540823447313327
bracken_db2	MLT.63	84.22760994902642	0.13109496984513508	0.3088840225642058	0.3179062687204155	0.2653061224489796
bracken_db2	MYS.54	96.4970586851779	0.15761658664521516	0.4053431155542327	0.29800515199681304	0.23809523809523808
bracken_db2	NGA.50	105.12265457009387	0.19029723315519415	0.4422402468110656	0.32548499937062814	0.2747893713545042
bracken_db2	NLD.43	109.68212337333681	0.35794740710244977	0.6639274228012624	0.23070914699129572	0.12842809364548494
bracken_db2	NOR.34	85.77963319537227	0.1850499682159727	0.44207223092009995	0.31257483151018045	0.24842105263157896
bracken_db2	NPL.33	99.25023103453985	0.2921521148152828	0.5782059591555944	0.3091708778510769	0.3003115264797508
bracken_db2	NZL.56	63.86896820692343	0.10899901401464414	0.35534345062574674	0.3414204043347296	0.2607407407407407
bracken_db2	PAK.7	101.09386528074732	0.2213317179729628	0.47160977877451876	0.3212850828997393	0.2936117936117936
bracken_db2	PER.35	95.15915318320458	0.25395093758833	0.520077307634244	0.35898675145912007	0.3106796116504854
bracken_db2	POL.36	107.09141357645971	0.2442352839193486	0.4985845902818492	0.3223535426252341	0.277992277992278
bracken_db2	SEN.8	67.53338541258634	0.031536560354967574	0.12065520333441326	0.335855350470776	0.29301075268817206
bracken_db2	SGP.52	99.33044230511369	0.1632984459284792	0.4280680564099301	0.30901166606561215	0.2410958904109589
bracken_db2	SRB.37	88.04739281333237	0.16264316046510238	0.3974390851346571	0.3236536701710397	0.2800274536719286
bracken_db2	SVK.9	92.05516383438805	0.23270553376307584	0.5329274873310799	0.3292113969971082	0.2740286298568507
bracken_db2	SVN.38	91.97090700250716	0.18445344162856203	0.4088416078437399	0.3270251403670282	0.30365853658536585
bracken_db2	SWE.41	96.17366728892605	0.18325336949618215	0.4177143611984277	0.31824857338659956	0.2969325153374233
bracken_db2	SWE.41a	89.07976336074617	0.19773427374289318	0.4388728430661262	0.31455535275452845	0.2742040285899935
bracken_db2	TCD.1	55.919470366173755	0.024429062997063794	0.12725718600198258	0.24964203309097144	0.1292372881355932
bracken_db2	TGO.44	91.7498698789074	0.2363754802243478	0.5120070217578914	0.26635336331495685	0.22861150070126227
bracken_db2	TUR.46	67.57180160462293	0.09466201115524808	0.3608889120754424	0.29835313858580553	0.20933977455716588
bracken_db2	TZA.15	84.88490180321264	0.2317259107853493	0.4598043136923274	0.31744821762944275	0.2933857236411264
bracken_db2	USA.74	105.68871837845279	0.19899130632716547	0.4580866262550832	0.3192819641764951	0.2903834066624764
bracken_db2	USA.74a	92.49218006559147	0.17731967877130617	0.4033414921529157	0.31976796733427193	0.2596685082872928
bracken_db2	USA.74b	106.93765082122805	0.2699903701663751	0.5742675493982667	0.2875379500295765	0.20857325655790146
bracken_db2	USA.74c	94.00123505396955	0.25941526885482347	0.5279872337460371	0.33017213901257997	0.2994722955145119
bracken_db2	USA.74d	95.00129151057729	0.2080849833281593	0.4650887335369307	0.3214630159991321	0.287012987012987
bracken_db2	USA.74e	92.1700712351393	0.1860660963978003	0.4091350759093599	0.3307934969043063	0.27488151658767773
bracken_db2	USA.74f	99.95798320465201	0.22822400883399857	0.4975891655624813	0.3095226046422103	0.2180232558139535
bracken_db2	USA.74g	98.65542291740455	0.2596779095129231	0.5244522772064586	0.2782674925270849	0.1983695652173913
bracken_db2	USA.74h	94.74671416451498	0.2418813294713978	0.513756564249335	0.32844971286852054	0.3209580838323353
bracken_db2	USA.74i	104.83364693862212	0.2223140980221278	0.49876411529943254	0.3128811621014214	0.27055016181229774
bracken_db2	VNM.48	57.538341173319715	0.04366077819932375	0.15524935899028447	0.3292999674509361	0.24717407686510928
bracken_db2	XK.60	84.45989032398325	0.13929935017758419	0.3231458577739447	0.34812690302502936	0.3085177733065057
bracken_db2	ZAF.39	99.60963338883613	0.1961035435929275	0.4406772984720816	0.31510584159614247	0.276657060518732
bracken_db2	ZMB.49	98.81522748255227	0.18004238878738482	0.40922702779004205	0.31896970629619037	0.2800256904303147
bracken_db2	ZMB.49b	95.60445482460625	0.18318117203598822	0.44520653908141006	0.3041767669137778	0.2403486924034869
ganon_db11	ALB.17	79.10640389156215	0.11068541612607714	0.2765964106458061	0.37596035990519755	0.5494880546075085
ganon_db11	AUS.18	81.88101391704718	0.1854709977072334	0.42467067268487174	0.36323198615245894	0.5066287878787878
ganon_db11	AUS.18a	92.42709516913229	0.2796133486944232	0.5481503167918528	0.381450367631659	0.5143692157817827
ganon_db11	AUT.70	87.7092832743648	0.13591117358118812	0.3438755932478091	0.378237446030128	0.542463317029791
ganon_db11	BGR.66	79.91215540053066	0.16620957181794896	0.4401584343259775	0.3832421703877612	0.5400921658986175
ganon_db11	BRA.53	84.76483496177602	0.27519481991081796	0.5617664028654665	0.39336161656488733	0.5371263259402121
ganon_db11	BRA.53a	106.66709805812914	0.28673465294124434	0.5939954020083176	0.33756622293714406	0.5339366515837104
ganon_db11	BWA.19	104.20353252933988	0.1906597052866419	0.4613688156937469	0.36936209708293183	0.5354545454545454
ganon_db11	CAN.22	99.58057182459451	0.2856989723385393	0.5670573627890424	0.3541324753829483	0.4602551521099117
ganon_db11	CAN.22a	96.91733549468863	0.30353913830550955	0.5943977259534494	0.39018667988144123	0.48970506399554814
ganon_db11	CAN.22b	89.04241306681267	0.24700590620622415	0.5344893344184423	0.3744442426761787	0.530469092503288
ganon_db11	CAN.22c	100.56807590612883	0.2943477029841768	0.5967172304447588	0.3824709380786298	0.5701168614357263
ganon_db11	CHE.67	98.90897637346087	0.22821357374770948	0.5421451518246033	0.3480899772935902	0.5090744101633394
ganon_db11	CHN.64	108.52395267645916	0.261660187630661	0.5402704627325259	0.34588075674975144	0.5597162002364998
ganon_db11	CIV.13	96.6117165078787	0.2386508526061697	0.5053919402815932	0.3688632841014935	0.5459890802183957
ganon_db11	COL.2	93.04895901806223	0.21996281081056038	0.5090834599922398	0.39249569796807593	0.5379715825575698
ganon_db11	CZE.23	91.16697636127996	0.24686821862004918	0.5280640486346858	0.37429660519029095	0.5516351118760757
ganon_db11	DEU.27	100.35148834690139	0.2376189278732322	0.5006418443436109	0.3687603448572997	0.5234590616375345
ganon_db11	DNK.71_RA	97.00582293310349	0.2610235553523372	0.5563540714936315	0.35194010336611026	0.5518638573743923
ganon_db11	DNK.71_RD	90.8020200494222	0.2546341381393044	0.5415950450684859	0.3729021647464423	0.5699272433306386
ganon_db11	DNK.71_RL	95.0166841496704	0.2520595240685285	0.5418255097364475	0.3686659115086957	0.5582380347310462
ganon_db11	ECU.14	63.238493076789005	0.11260065181042567	0.33586558063038024	0.4106527286219602	0.5478217325988983
ganon_db11	ECU.14a	104.4495160096521	0.2260178673558317	0.4820496799015991	0.37838806957432786	0.5533769063180828
ganon_db11	ESP.75	100.91672094567434	0.289742564646586	0.5942184795960263	0.3375926250802838	0.5155440414507773
ganon_db11	ETH.24	89.29301481551488	0.18021444202446057	0.45802557344958905	0.3820982103360782	0.5571054925893636
ganon_db11	FIN.25	96.22727502333379	0.24495927494884295	0.5408334387619338	0.3739269456252422	0.5426561125769569
ganon_db11	GEO.59	53.76771699686795	0.09710242163147159	0.3356164874187574	0.4112734588425426	0.5149560117302053
ganon_db11	GHA.4	105.23233376060139	0.37195103220905096	0.6666887246005285	0.3333153033152607	0.5253333333333333
ganon_db11	HRV.68	91.34741976848933	0.23285103968915905	0.5404728291007468	0.3769076302044397	0.5403411710465652
ganon_db11	HUN.61	106.57873839471964	0.2519774791461771	0.5274940337661723	0.39035575375958526	0.5138653084323712
ganon_db11	IND.11	91.68556752941568	0.2062781716910978	0.4766579811883182	0.3498063010395195	0.5307333615938957
ganon_db11	IRL.69	80.47960297996016	0.14490673174882818	0.3451700158995388	0.3894794146983474	0.5478961504028648
ganon_db11	IRN.12	86.54015404271526	0.22262596655828776	0.4906155934056686	0.3780187619770505	0.5396527451900516
ganon_db11	ISL.28	76.51475565950167	0.15906135435214924	0.40642027017313964	0.3752541799022522	0.5270655270655271
ganon_db11	ISR.29	97.87096554825698	0.266264342542877	0.5271993872832204	0.40095841609284116	0.5206213176218533
ganon_db11	ITA.30	84.9729999559149	0.21713756095765227	0.5559964165438438	0.34756255884801385	0.551062942892872
ganon_db11	KAZ.6	82.62181617131355	0.2253176147611387	0.4915407847895896	0.38987432341201833	0.5576668139637649
ganon_db11	KEN.72	94.1887492019137	0.23833908863361425	0.5146619787115075	0.3694539778621195	0.5607321131447587
ganon_db11	KHM.21	95.15531384228622	0.2767248601871649	0.6229439564178276	0.36368166148207665	0.54608999563128
ganon_db11	LKA.40	51.56765999213047	0.03571287867333514	0.13784914666518674	0.4154200162791227	0.5414078674948241
ganon_db11	LUX.32	89.12618300858556	0.20334151975955245	0.5150384702884134	0.3882864464201418	0.5743801652892562
ganon_db11	LVA.31	98.91583811520691	0.23302657956133138	0.4911636027795988	0.3877062388608986	0.5458736745043798
ganon_db11	MDA.65	75.1679934031422	0.09898797129252457	0.2468070030120248	0.3789994391155392	0.5319645356976201
ganon_db11	MKD.62	86.94791484165913	0.19272366195243845	0.4670662371515387	0.37275128396284135	0.5304792926942764
ganon_db11	MLT.63	83.47096739064311	0.13425142124616019	0.299295701689684	0.36977198959932794	0.5348837209302325
ganon_db11	MYS.54	93.946073046695	0.17275382718335988	0.4413361107249252	0.3676877430808777	0.5238744884038199
ganon_db11	NGA.50	103.05054911378639	0.20918694878783395	0.4694073895393471	0.3608694141231505	0.5395189003436426
ganon_db11	NLD.43	109.08557530686697	0.3666838063951541	0.6431209731254642	0.2936933274071526	0.44767970882620567
ganon_db11	NOR.34	84.55257079374152	0.17849619307011058	0.43635020321550116	0.37847136799750847	0.5426356589147286
ganon_db11	NPL.33	97.07066803825357	0.2872589119160908	0.5767583737175705	0.35715007478830607	0.5478079331941544
ganon_db11	NZL.56	61.687924540986465	0.10996481863074303	0.34396645246379176	0.40112119603093843	0.5522107243650047
ganon_db11	PAK.7	100.7149256468824	0.2300768117166106	0.4895714925543078	0.34938918873831004	0.5521669341894061
ganon_db11	PER.35	94.36820643697135	0.2401241105362441	0.5163711335361939	0.3928001237070693	0.5740818910932883
ganon_db11	POL.36	105.61748937974129	0.27498570731285865	0.5313607167103248	0.36422132694273934	0.5528317836010144
ganon_db11	SEN.8	66.62400545813053	0.04324177599871433	0.1758637561622949	0.386919131345729	0.5600350569675723
ganon_db11	SGP.52	97.9699186335042	0.1956358938756843	0.48178408379894405	0.3512238261578767	0.5219337511190689
ganon_db11	SRB.37	87.10535884393106	0.19100126532020523	0.4512487426924119	0.3923343759322474	0.5548504079782411
ganon_db11	SVK.9	91.3213897699778	0.2490805128074592	0.55070353513866	0.3794706540273678	0.5519964896884598
ganon_db11	SVN.38	92.10469379464885	0.18451625460831128	0.39684878949488717	0.3598286055049389	0.5612616255560049
ganon_db11	SWE.41	96.18529192044015	0.20180505942335253	0.4600209562393788	0.34443162292940394	0.5472154963680388
ganon_db11	SWE.41a	88.31826604010385	0.21110096998649147	0.46449760378363747	0.364032662802758	0.5461571489909832
ganon_db11	TCD.1	50.324178127406626	0.04291270162028581	0.22451871200271228	0.3838094929810961	0.44556596971881757
ganon_db11	TGO.44	90.01424284590504	0.24768034280442666	0.5042456554279678	0.3393475317501513	0.5336363636363637
ganon_db11	TUR.46	63.27305307539889	0.10707574821681004	0.3942249466516051	0.40173799639693925	0.5361875637104995
ganon_db11	TZA.15	82.74787159581496	0.2128913716580068	0.48543786746257067	0.3848556153881125	0.5623660522931847
ganon_db11	USA.74	104.34224342021342	0.23462713818963737	0.5200478046023833	0.3509613145870935	0.5433430111986728
ganon_db11	USA.74a	89.21911927814722	0.18164720006336982	0.42080763447207076	0.36364847273816364	0.531953195319532
ganon_db11	USA.74b	105.18925336918322	0.28033947986332886	0.5861765037511912	0.31502826524563016	0.5029337803855826
ganon_db11	USA.74c	93.77661790040291	0.3212159090722372	0.6063918179784131	0.3768846013448957	0.5484444444444444
ganon_db11	USA.74d	92.85051338573709	0.25342494184063125	0.5367012149342554	0.38721072826753916	0.5575757575757576
ganon_db11	USA.74e	91.9486193380917	0.22232357375157555	0.4735618272533241	0.37873606248614905	0.5406871609403255
ganon_db11	USA.74f	98.72816073918177	0.2832665398827686	0.5686441736585479	0.36726369937185316	0.5113801452784503
ganon_db11	USA.74g	96.81805286315463	0.27235556538667416	0.5396035292274415	0.3504610031987323	0.4867674858223062
ganon_db11	USA.74h	95.09289608666184	0.2586311445222406	0.5411904568641615	0.34940444824213096	0.5500807754442649
ganon_db11	USA.74i	105.26857930209367	0.20950615056200933	0.49572609678816265	0.36069456513820347	0.5598991172761665
ganon_db11	VNM.48	56.60177541988975	0.0457104692340303	0.16922781842629636	0.38427300029168393	0.5391221374045801
ganon_db11	XK.60	83.9671486641755	0.1455241796268254	0.33538480517388763	0.3856038471528166	0.5624178712220762
ganon_db11	ZAF.39	96.87944424254438	0.22056809499082622	0.4836868997584386	0.38528119506646974	0.5416276894293732
ganon_db11	ZMB.49	98.24618409409749	0.19616502692110338	0.46270126255617194	0.3682812573850245	0.549851506151888
ganon_db11	ZMB.49b	94.02757115862194	0.1942201720428673	0.49078403811579085	0.34302426468452296	0.5131022823330516
kaiju_db5	ALB.17	97.28806933294801	0.09305220683072529	0.2612762212214709	0.2999278446080685	0.5601436265709157
kaiju_db5	AUS.18	96.87124449798829	0.18262108582080316	0.4209617663079638	0.29217302695512404	0.5433070866141733
kaiju_db5	AUS.18a	110.20741584276709	0.22487990173126327	0.4618799855200608	0.29799554560566144	0.5478446958116784
kaiju_db5	AUT.70	104.00628170969821	0.11780468190232593	0.3375764434409993	0.3039162076836852	0.5438543247344462
kaiju_db5	BGR.66	96.00432671475185	0.1327553906247084	0.3570732518901845	0.3010860190584541	0.5482202616367509
kaiju_db5	BRA.53	98.61758878458517	0.2565144628415271	0.5009226465058306	0.3167731708863624	0.533953488372093
kaiju_db5	BRA.53a	138.75247899186292	0.2882681249672189	0.6229338506018565	0.2137002815039723	0.5638766519823789
kaiju_db5	BWA.19	131.95512567285033	0.2130293366056475	0.5112372938142405	0.2652878019076016	0.5414767547857794
kaiju_db5	CAN.22	119.97909441700564	0.19147752075316254	0.4603231767555463	0.2675963317223912	0.5644970414201184
kaiju_db5	CAN.22a	123.17134065484382	0.18100061086516206	0.4554463554402469	0.2897903157635722	0.5184251968503937
kaiju_db5	CAN.22b	107.58920390138131	0.18456150844808583	0.4511854717518753	0.2734472687198579	0.5650623885918004
kaiju_db5	CAN.22c	124.25238168901916	0.21961920944497362	0.500057990077667	0.2841895810763815	0.5518072289156627
kaiju_db5	CHE.67	120.04652068322856	0.1726570268237192	0.4509722072748682	0.2723161555507158	0.5605743344301526
kaiju_db5	CHN.64	142.95023657729573	0.2675260540372069	0.5974246725590149	0.2190923422418071	0.5593869731800766
kaiju_db5	CIV.13	121.00500192212212	0.20274367798973914	0.4872498888412204	0.2694092889600724	0.5572405590246804
kaiju_db5	COL.2	130.98194631430727	0.23886594664617095	0.5203526967432519	0.24749167062661176	0.5180533751962323
kaiju_db5	CZE.23	115.98910046717012	0.21223744797536467	0.49748876836249445	0.2835761861541275	0.5553887721404983
kaiju_db5	DEU.27	118.93931736266401	0.17816704213274243	0.43796207688568123	0.2811647063794058	0.5507683037059355
kaiju_db5	DNK.71_RA	117.24795003139583	0.18459353579971938	0.4768555396628018	0.2726961848027726	0.5592163846838825
kaiju_db5	DNK.71_RD	108.66487068890903	0.166537119648954	0.424669239395609	0.2844246070043225	0.5581395348837209
kaiju_db5	DNK.71_RL	116.26957506195131	0.1743434912257063	0.44207622776605726	0.28656591101226436	0.5560240963855422
kaiju_db5	ECU.14	77.30183185335832	0.07606172356740294	0.30372862545780616	0.3343475392094668	0.5125756128621458
kaiju_db5	ECU.14a	133.22337516268323	0.2223770800263381	0.4987756563173482	0.2542022549245037	0.548854041013269
kaiju_db5	ESP.75	119.69130753580448	0.20063504594028508	0.4551129826384569	0.23427503712286915	0.562481709101551
kaiju_db5	ETH.24	107.57707213183136	0.14595017986309855	0.38175366816362455	0.2884689660708878	0.5418448381185095
kaiju_db5	FIN.25	115.81245739279872	0.18306972382888587	0.45814485639440206	0.28761438595630434	0.5574954846478025
kaiju_db5	GEO.59	71.85071994737383	0.07801735550042811	0.29160452658891817	0.33918204069932156	0.4969025105966743
kaiju_db5	GHA.4	144.43896856876722	0.3143699101127161	0.6595843081238963	0.20517576921904082	0.5463326290371264
kaiju_db5	HRV.68	109.02434590204902	0.14964757795979836	0.40142694922748745	0.2947020384299548	0.5418960244648318
kaiju_db5	HUN.61	134.23874918275928	0.2312585903515761	0.5260420378673294	0.27990172289699566	0.4761277576555812
kaiju_db5	IND.11	122.25712459479027	0.21092801032966296	0.4945663137506494	0.2515186070126899	0.5614973262032086
kaiju_db5	IRL.69	95.86955234052913	0.09952223986553517	0.2963962489114531	0.3148598466503592	0.539119804400978
kaiju_db5	IRN.12	101.17277185647112	0.19561431208412206	0.4636198599278161	0.30372189296329993	0.5337858685590867
kaiju_db5	ISL.28	95.44048307174899	0.10643659571121863	0.3119195476639532	0.2990545498638666	0.5387226164763962
kaiju_db5	ISR.29	119.96329449167064	0.16569945504353065	0.4060223047294117	0.29993848024087494	0.5215748031496062
kaiju_db5	ITA.30	112.64965606295812	0.16410967939085652	0.3998822194016287	0.24297840963314557	0.5534591194968553
kaiju_db5	KAZ.6	100.77617111101482	0.1826476455302674	0.43649512551837577	0.29467298484293314	0.5399633923123855
kaiju_db5	KEN.72	113.09385332720345	0.22956284397071475	0.4834360821775948	0.2839237650530108	0.5630778407396362
kaiju_db5	KHM.21	128.6227311583236	0.20652406723382077	0.5021787030483585	0.23460277383631317	0.5427962229667986
kaiju_db5	LKA.40	62.49998937307686	0.028824620902759775	0.11996268806354425	0.33214389447418285	0.505283381364073
kaiju_db5	LUX.32	104.8136704340351	0.13063466449345512	0.37393664934414006	0.29598582719610944	0.5506462278328825
kaiju_db5	LVA.31	118.91458689007337	0.18296268450285896	0.4487741564100458	0.2908300678763092	0.5415007656967841
kaiju_db5	MDA.65	93.61899642130261	0.09139649893556251	0.2588059096866576	0.30153853783228907	0.5348120764017252
kaiju_db5	MKD.62	104.22485413651471	0.134832514098771	0.36364583590079386	0.28736631772124194	0.543398533007335
kaiju_db5	MLT.63	106.39825068013594	0.16842098184042298	0.40828581556128773	0.2747156304923972	0.5435179549604382
kaiju_db5	MYS.54	116.89167572202675	0.17485467303047902	0.4450553094871224	0.2835750204720449	0.552202776101388
kaiju_db5	NGA.50	131.2699276482808	0.22586748488475267	0.5148061170319987	0.2581546379203598	0.5580143540669856
kaiju_db5	NLD.43	143.07244390230818	0.31644071667970103	0.6261158657557745	0.20119492204711725	0.5744803695150116
kaiju_db5	NOR.34	103.76525295561318	0.1441390285339741	0.4018426269420222	0.29159748677034797	0.5447328244274809
kaiju_db5	NPL.33	117.47009613274653	0.2656175475671788	0.5502141208317657	0.2663331782217113	0.5497601918465228
kaiju_db5	NZL.56	77.37735967836228	0.0804913089423612	0.3040502856478037	0.3209319529149533	0.5325038880248834
kaiju_db5	PAK.7	128.82653059116384	0.23010991028375682	0.5160543526548519	0.24553721480899504	0.558649289099526
kaiju_db5	PER.35	111.6243056339212	0.2039345075332332	0.46494176345348204	0.30541078911351777	0.5501207729468599
kaiju_db5	POL.36	133.7665905572373	0.2322172461070092	0.5158243991025132	0.25734283254514595	0.5510020939276099
kaiju_db5	SEN.8	84.06237188803149	0.048570756731891096	0.20371449756598478	0.3064102583230403	0.5436774587660355
kaiju_db5	SGP.52	130.69772485354753	0.21085031029836587	0.5089046769292003	0.2439162311944673	0.5484162895927602
kaiju_db5	SRB.37	102.08952141183721	0.13604941146782853	0.34892191244208914	0.30734119448536434	0.5407725321888412
kaiju_db5	SVK.9	111.45985936371548	0.1469507760088704	0.4062956601100109	0.28936807106656737	0.5412983846388296
kaiju_db5	SVN.38	116.97275313866974	0.19680134021150486	0.47161420314938035	0.25850335375564476	0.5656685443225615
kaiju_db5	SWE.41	118.41917383655029	0.1602827758227838	0.4129967421855073	0.265569732673526	0.5578635014836796
kaiju_db5	SWE.41a	104.06536501795993	0.16692280870542586	0.39952837187604046	0.29464614074153966	0.5567567567567567
kaiju_db5	TCD.1	59.8726990072641	0.022382512734926592	0.08446885456346882	0.3568491888473472	0.4785840707964602
kaiju_db5	TGO.44	126.53487346266382	0.2545172795064189	0.5443384648955933	0.21522250891420022	0.538297223069881
kaiju_db5	TUR.46	78.99839555646098	0.0720853986571199	0.29813744496703276	0.33558548850083814	0.517862788491938
kaiju_db5	TZA.15	103.90064030844019	0.21285465774431633	0.4646046314788681	0.2927285172583962	0.5476624165148756
kaiju_db5	USA.74	132.84595708580977	0.2148828924931694	0.5202191527084534	0.25119196293663154	0.5552238805970149
kaiju_db5	USA.74a	111.96154713711209	0.16326546732722136	0.3900430516997414	0.283964373866555	0.5463414634146342
kaiju_db5	USA.74b	140.62911331707213	0.3029930213586217	0.6258545740915403	0.210136411069688	0.5724258289703316
kaiju_db5	USA.74c	112.70882348267044	0.21996430663503577	0.4709538336935321	0.29006321010370517	0.5457317073170732
kaiju_db5	USA.74d	110.91847859132395	0.18740587518124824	0.4564810660279021	0.2891321493911933	0.5538461538461539
kaiju_db5	USA.74e	108.7945766054846	0.16158268130106346	0.38583264173349974	0.29777356093621987	0.5505925250683683
kaiju_db5	USA.74f	125.93116483719876	0.20210586558900867	0.4626752840413558	0.268590521623999	0.5448992058643861
kaiju_db5	USA.74g	116.09067016304297	0.23006284455843315	0.49326749551769544	0.2611630745927032	0.5592867756315008
kaiju_db5	USA.74h	117.20232413991752	0.19796004328668473	0.4681872159512827	0.2681826060528622	0.5604754829123328
kaiju_db5	USA.74i	134.29819333880724	0.2192221557968439	0.5205005384542167	0.27143111660506286	0.5541591861160982
kaiju_db5	VNM.48	72.57401666037808	0.04045630076215386	0.15338089733927562	0.3240954417215372	0.5276303465501093
kaiju_db5	XK.60	98.15389755853558	0.11719342004334446	0.3001694490460345	0.3026705406148867	0.5414499847048027
kaiju_db5	ZAF.39	115.33782851155982	0.1865412953845324	0.4362753613872253	0.3032069354152782	0.524804992199688
kaiju_db5	ZMB.49	118.96387704710305	0.18817507827197288	0.45263224078075803	0.2776484315703148	0.5567195450463933
kaiju_db5	ZMB.49b	119.24429344699865	0.19568992485436693	0.4738468791634749	0.24753288986174762	0.5719277810133955
kraken2_db1	ALB.17	75.2602469845785	0.11774197848287266	0.34221723714357255	0.3776760239574562	0.30539311241065625
kraken2_db1	AUS.18	77.26865019765883	0.21037675308445075	0.5338039256522497	0.3344853873107413	0.2376237623762376
kraken2_db1	AUS.18a	87.52854067699201	0.22334955072049037	0.5389869070936145	0.3587445236836766	0.2664776754075124
kraken2_db1	AUT.70	80.87404330855468	0.14552120850024758	0.40879753044160194	0.39192393625089655	0.3086335825968729
kraken2_db1	BGR.66	74.7827665567599	0.20621050814146685	0.5569509802876191	0.35581280955187433	0.2785862785862786
kraken2_db1	BRA.53	78.34948220859587	0.26542408423469305	0.6058133324439536	0.3735017872910174	0.2936046511627907
kraken2_db1	BRA.53a	100.45437038104828	0.3434175093124593	0.6792382899944662	0.36641517621674313	0.2921630094043887
kraken2_db1	BWA.19	100.05136619121535	0.22018963274266626	0.5215960675613128	0.3520941835492454	0.27158774373259054
kraken2_db1	CAN.22	96.85066639490495	0.2780166394234207	0.603321011885671	0.32744718620637897	0.20680272108843537
kraken2_db1	CAN.22a	94.83001834516233	0.251754547611659	0.5896175706058823	0.32371694838723997	0.21129032258064517
kraken2_db1	CAN.22b	84.98728452664521	0.22757153223046464	0.5409943031554195	0.3595249294538731	0.26710526315789473
kraken2_db1	CAN.22c	94.06832887304029	0.2865887568520046	0.6358340197294859	0.3938591316478754	0.3226229508196721
kraken2_db1	CHE.67	92.07531571760133	0.2567267362175588	0.6186206072862757	0.35092482748244924	0.25271739130434784
kraken2_db1	CHN.64	103.99920737969592	0.2739337975668029	0.5938091409837751	0.3549343974851363	0.29768605378361473
kraken2_db1	CIV.13	91.15862468785876	0.24175304042286647	0.5661624437606128	0.373809900609494	0.30256410256410254
kraken2_db1	COL.2	90.03574325868398	0.2189297292612976	0.5475028866603117	0.3589708812402578	0.28313253012048195
kraken2_db1	CZE.23	85.58098415881751	0.26593104097762826	0.6150578617405498	0.36902466139721474	0.28303152246814217
kraken2_db1	DEU.27	94.68851065075361	0.22576644722933392	0.5397244252836217	0.34817813788420954	0.2537931034482759
kraken2_db1	DNK.71_RA	90.82648031785573	0.2827146988414653	0.6370539849635413	0.3761423408458319	0.3137254901960784
kraken2_db1	DNK.71_RD	83.80823469844836	0.2719850927139167	0.6250625195455045	0.38888111690858834	0.3167305236270754
kraken2_db1	DNK.71_RL	88.46507389274971	0.2650620036861258	0.6030001921383639	0.3752326501369474	0.30218687872763417
kraken2_db1	ECU.14	61.76736360205154	0.14021621314325228	0.41806780140663025	0.3586019718501827	0.2690152121697358
kraken2_db1	ECU.14a	100.49054686261938	0.24379614530946866	0.539181497065644	0.35473784959886917	0.27800269905533065
kraken2_db1	ESP.75	95.91141525647548	0.28749672127562814	0.6522300521066828	0.35290455100865414	0.26208651399491095
kraken2_db1	ETH.24	82.73620618098175	0.20929469479111992	0.5560799444945834	0.36656946033067644	0.3076923076923077
kraken2_db1	FIN.25	89.3342980428547	0.23808443175827443	0.5811115720863373	0.36131481632675155	0.2828418230563003
kraken2_db1	GEO.59	53.57476934291025	0.08266234072577304	0.2534842135856127	0.35529317338180766	0.24912280701754386
kraken2_db1	GHA.4	103.3779283847179	0.3077068070386002	0.6428734064442437	0.3415624642149694	0.2664835164835165
kraken2_db1	HRV.68	84.27388121055837	0.26094274243097804	0.6330995753412042	0.3575181042153292	0.26676176890156916
kraken2_db1	HUN.61	100.94929341864962	0.2670333866332135	0.5943622355097725	0.3611306681483925	0.2751322751322751
kraken2_db1	IND.11	86.6839248593593	0.2281831082650282	0.486710313052477	0.3641917777783941	0.29161290322580646
kraken2_db1	IRL.69	75.88174546365364	0.14368642347236055	0.40549198446769313	0.3875185851192381	0.30758620689655175
kraken2_db1	IRN.12	81.67682242898863	0.28116086557763625	0.6088315719500561	0.34528766005435474	0.2727272727272727
kraken2_db1	ISL.28	74.35414967856951	0.25887906585432596	0.6153660734279577	0.3607393155970766	0.27765726681127983
kraken2_db1	ISR.29	96.16740999886903	0.17798491016057985	0.4441741008783484	0.3364697218778566	0.23659305993690852
kraken2_db1	ITA.30	78.62651895546922	0.29031903384403446	0.6793175532915984	0.34542010256305966	0.26871657754010697
kraken2_db1	KAZ.6	77.80377730646508	0.2572617959469633	0.5803553775879914	0.3694839300826071	0.3023255813953488
kraken2_db1	KEN.72	86.54153760527517	0.24381036372548537	0.5765392301110094	0.3655083987622008	0.3069053708439898
kraken2_db1	KHM.21	87.93558750509804	0.14780970825229564	0.41551159840622653	0.3612583100009406	0.30414120841819414
kraken2_db1	LKA.40	52.01099945637827	0.03581540451157403	0.166153833273553	0.3783488180624975	0.294770206022187
kraken2_db1	LUX.32	81.76573759437508	0.24882142943777003	0.6182939210885394	0.4011100714134121	0.33031088082901555
kraken2_db1	LVA.31	94.4598192602632	0.2150313832914889	0.49105459361574166	0.3367318571464348	0.25251076040172166
kraken2_db1	MDA.65	71.5522976574039	0.10916398550503634	0.32092258725218203	0.3644418625701069	0.297029702970297
kraken2_db1	MKD.62	79.60447308599208	0.22880799271823588	0.5764304487359402	0.3602999272440237	0.2794943820224719
kraken2_db1	MLT.63	79.94005262987027	0.15931154351006677	0.4308607175824923	0.37077194536710506	0.27349228611500703
kraken2_db1	MYS.54	89.67550248614596	0.1883283457746273	0.4920388444116057	0.3430061742179926	0.2656675749318801
kraken2_db1	NGA.50	99.19784113292683	0.24556895268254034	0.56079400316112	0.3687615461905469	0.30039011703511054
kraken2_db1	NLD.43	105.18618522888119	0.37229746878267184	0.7250447608451285	0.2894917500720502	0.18205461638491546
kraken2_db1	NOR.34	78.92858392634817	0.22207333756146747	0.5654657817483216	0.3726846039716877	0.2893081761006289
kraken2_db1	NPL.33	90.22822137131335	0.24782232947973926	0.4868284005414649	0.3931247843575554	0.32883750802825945
kraken2_db1	NZL.56	59.13724903964587	0.13783389545894909	0.4135008175810918	0.40043501060635217	0.30814380044020545
kraken2_db1	PAK.7	95.04816767435965	0.26451244858558665	0.5705506070010915	0.3720793155233667	0.3168440826549781
kraken2_db1	PER.35	90.25877129712238	0.23348800920201426	0.5260885593402445	0.4039527031025695	0.34285714285714286
kraken2_db1	POL.36	101.12784543512315	0.2504329491362056	0.5496077078684487	0.34504046094682	0.2779973649538867
kraken2_db1	SEN.8	65.74637396673306	0.04264834589435644	0.147198900542857	0.37445744999758557	0.31041524846834584
kraken2_db1	SGP.52	93.19685982074988	0.1795626564873568	0.47282187723043434	0.3539731181665997	0.2713019768234492
kraken2_db1	SRB.37	81.12071037749	0.20948686768403296	0.537406073770672	0.38122491743565334	0.3064066852367688
kraken2_db1	SVK.9	83.89640755354199	0.2668620695162637	0.6282865448771485	0.3974148274861725	0.3064182194616977
kraken2_db1	SVN.38	86.75337078122367	0.2950260033864373	0.5975030734487626	0.3771415325399794	0.3206011271133375
kraken2_db1	SWE.41	88.06587030041129	0.20351847651025373	0.5221143930786213	0.3757889294099482	0.3106060606060606
kraken2_db1	SWE.41a	80.92063315667215	0.2055061231309731	0.537260216559765	0.371855556363605	0.3040629095674967
kraken2_db1	TCD.1	54.39476574860798	0.03447822809543658	0.13094511979460954	0.3044089087734811	0.18794688457609807
kraken2_db1	TGO.44	84.88744729994099	0.24022558433147684	0.5771353738576243	0.3332733628731722	0.25622775800711745
kraken2_db1	TUR.46	64.70792505139741	0.10109014430101448	0.32508988588319676	0.347384475795453	0.24821002386634844
kraken2_db1	TZA.15	79.49020366686358	0.267788292587581	0.5784322633566307	0.37565656304780864	0.31593038821954483
kraken2_db1	USA.74	98.39238291042365	0.2083766630255377	0.5350249066674099	0.3596242497748639	0.2949547218628719
kraken2_db1	USA.74a	84.84670457591179	0.18015690033352133	0.464156575704082	0.3730435208225236	0.2875
kraken2_db1	USA.74b	100.81849686521714	0.2792688291174759	0.6078034931364817	0.3279847152636931	0.23954372623574144
kraken2_db1	USA.74c	89.59594120955845	0.2731990999734516	0.5691798788881524	0.3733917282114194	0.3067484662576687
kraken2_db1	USA.74d	87.55026011213134	0.18829131741764588	0.48635156519921113	0.38566101278111636	0.31779382797110967
kraken2_db1	USA.74e	86.71749092655985	0.18680307545886504	0.4499401120542472	0.37143986965560283	0.29720518064076346
kraken2_db1	USA.74f	95.2654304694611	0.21422766799449172	0.5140563247162094	0.3510946596039005	0.2557142857142857
kraken2_db1	USA.74g	92.04469668312844	0.28887161955385726	0.5841861013697636	0.33174193570619925	0.22388059701492538
kraken2_db1	USA.74h	89.1625210503228	0.2737264457998715	0.6112337119207114	0.393493389576587	0.32914572864321606
kraken2_db1	USA.74i	97.8981269385782	0.25700015623103284	0.5941569074231626	0.3721302905994503	0.30709173715029275
kraken2_db1	VNM.48	56.185760507402726	0.06415720408016176	0.21880431136445827	0.3675593050624126	0.2795216741405082
kraken2_db1	XK.60	79.33036926206515	0.15396638433191373	0.40567135779304697	0.39404303568567456	0.3274215552523875
kraken2_db1	ZAF.39	93.13857508957791	0.18814196841144565	0.472380279406085	0.35717922464571245	0.29635036496350364
kraken2_db1	ZMB.49	92.32368189172306	0.20866168714270736	0.5028744140837317	0.3657208177958863	0.31036703155183515
kraken2_db1	ZMB.49b	90.65960731973722	0.253342569484473	0.582960243256004	0.34605300756928903	0.2632563942607611
metaphlan_db4	ALB.17	89.27065894083289	0.09577043952178323	0.23633585045150027	0.21592163705479456	0.1707147814018043
metaphlan_db4	AUS.18	86.45406777423504	0.13609817482433678	0.3281203178145661	0.1998842965637559	0.11951588502269289
metaphlan_db4	AUS.18a	98.75205045609734	0.19767056764623422	0.4680011059448189	0.17863049960286048	0.10616705698672912
metaphlan_db4	AUT.70	96.48152404942225	0.11911052538419802	0.2953865168770948	0.20851674833208703	0.15654718361375275
metaphlan_db4	BGR.66	83.26218234833448	0.10880635810326973	0.2795851867960044	0.2307085435521406	0.14864864864864866
metaphlan_db4	BRA.53	90.59619291331036	0.1667056364097012	0.3825945313157708	0.18206056357259068	0.13668499607227022
metaphlan_db4	BRA.53a	113.87386132061572	0.2860385000094365	0.5083622501407185	0.19152992446471587	0.14227642276422764
metaphlan_db4	BWA.19	113.314083910762	0.19810767695585535	0.4207647740508334	0.20111441717958806	0.14666666666666667
metaphlan_db4	CAN.22	108.74802805057405	0.3062223374831425	0.5745445150446812	0.14467273455756238	0.06222222222222222
metaphlan_db4	CAN.22a	105.92567349484851	0.22929039686500305	0.452652676807751	0.1372387875561225	0.055062166962699825
metaphlan_db4	CAN.22b	96.56407618127564	0.1799118030675945	0.43580177418857435	0.21906312766971908	0.15341701534170155
metaphlan_db4	CAN.22c	108.99102173040424	0.2329429368321213	0.4850426050223888	0.23956667715334284	0.2037164487267722
metaphlan_db4	CHE.67	103.94667139577103	0.1585193476505286	0.3718499115289293	0.17625062002116537	0.11927272727272727
metaphlan_db4	CHN.64	117.8653650044598	0.27869524566579185	0.535128341371715	0.1937044729125179	0.1584956346541303
metaphlan_db4	CIV.13	102.35465984885121	0.19827526081452151	0.4424639232000747	0.23202814383270556	0.1718213058419244
metaphlan_db4	COL.2	103.19661305190698	0.18815339912723045	0.44686066274973274	0.19678185571268164	0.1429731925264013
metaphlan_db4	CZE.23	95.56311195853564	0.16657512066543131	0.3707833247096805	0.22302237428040267	0.15977175463623394
metaphlan_db4	DEU.27	107.00115618420045	0.24201637508580587	0.5042401417976725	0.19850465966130196	0.12850812407680945
metaphlan_db4	DNK.71_RA	103.8469539203643	0.17578782245497615	0.40717972076720466	0.21311978660396977	0.18327759197324414
metaphlan_db4	DNK.71_RD	98.38346775430053	0.15457528957346367	0.3814555695379008	0.21613803733377893	0.20852459016393443
metaphlan_db4	DNK.71_RL	103.19307505997968	0.19102145260053935	0.43815943372465394	0.20887271281326988	0.17622377622377622
metaphlan_db4	ECU.14	67.13956875922227	0.07057841486909416	0.1920493413498644	0.24501426343830685	0.1552901023890785
metaphlan_db4	ECU.14a	115.73326314866333	0.2658219500301354	0.5241798606229744	0.19983896144555646	0.15007215007215008
metaphlan_db4	ESP.75	106.18835032216134	0.2301580135443781	0.43609240434553753	0.21697393659782485	0.14488828706838186
metaphlan_db4	ETH.24	95.2856900936534	0.12675231529080522	0.3099909495842901	0.21322002356551636	0.18911174785100288
metaphlan_db4	FIN.25	101.19970367775545	0.1702300116902143	0.4191304855600125	0.23167631379024056	0.16714285714285715
metaphlan_db4	GEO.59	62.03093936344671	0.0547659048779405	0.17380068867192205	0.17942125107382487	0.08871745419479267
metaphlan_db4	GHA.4	109.53329313160397	0.32029336668648434	0.6478456082896304	0.201428692900137	0.12527964205816555
metaphlan_db4	HRV.68	94.45323704133381	0.1375181883298602	0.32192144493103025	0.19628689754460327	0.1289332310053722
metaphlan_db4	HUN.61	112.23281852807446	0.29939869537451463	0.5800084292183947	0.16915164275529065	0.0962671905697446
metaphlan_db4	IND.11	101.82083987604378	0.2106365702736066	0.45373744929557025	0.1983064245406134	0.17104377104377105
metaphlan_db4	IRL.69	88.67796957072645	0.11007462708653667	0.2693278360888205	0.2443179339337633	0.18699780861943024
metaphlan_db4	IRN.12	90.9767542354587	0.24358678069465595	0.5239729102258708	0.20323470813292782	0.14517374517374518
metaphlan_db4	ISL.28	84.6708295202217	0.10532236219398768	0.2568783072308149	0.19462662252366753	0.1369649805447471
metaphlan_db4	ISR.29	108.29136406534715	0.22480337880331167	0.43941594933776357	0.17220658003134387	0.08665511265164645
metaphlan_db4	ITA.30	86.1233470094034	0.13460155149728564	0.3102869921784853	0.2162495021845517	0.15830388692579506
metaphlan_db4	KAZ.6	86.69289726594863	0.18386987224068158	0.4258202552442333	0.23086410272394708	0.17582417582417584
metaphlan_db4	KEN.72	100.45796821070229	0.16802194856573127	0.38881968527425076	0.21117849063934505	0.18585858585858586
metaphlan_db4	KHM.21	93.63072978897374	0.07044284442453419	0.1844013871614772	0.22015665083141964	0.15840118430792005
metaphlan_db4	LKA.40	58.02311925091294	0.017720901513767384	0.07932203093632617	0.24384270014821918	0.16151202749140894
metaphlan_db4	LUX.32	95.36859872678316	0.12490217484537489	0.3090594486278938	0.24099664889297504	0.2088135593220339
metaphlan_db4	LVA.31	105.83127661499077	0.22141229602595552	0.47867798152478686	0.21102424325513378	0.1484848484848485
metaphlan_db4	MDA.65	82.84706699406492	0.09449260826611011	0.23751507857961307	0.2060938676068803	0.15897047691143074
metaphlan_db4	MKD.62	92.58165672870525	0.13624363300947226	0.3309117685318121	0.1915137655300982	0.14414414414414414
metaphlan_db4	MLT.63	88.95499691185246	0.23081931725101842	0.5045447588384633	0.2410437458388403	0.17033773861967694
metaphlan_db4	MYS.54	104.22071211850952	0.1712767311763536	0.37944225840551243	0.18443714263297906	0.13682678311499272
metaphlan_db4	NGA.50	114.35766663683974	0.22268567204716466	0.48751529456968035	0.1952152651945806	0.16122307157748436
metaphlan_db4	NLD.43	111.88675781323789	0.3520925449923392	0.5686079026245553	0.13545921994953913	0.056140350877192984
metaphlan_db4	NOR.34	91.16866841545328	0.12271971292961303	0.28568029208342116	0.20070637966338722	0.1518987341772152
metaphlan_db4	NPL.33	107.76608915309416	0.268055061744392	0.5551581308891981	0.20258143503035284	0.19665551839464884
metaphlan_db4	NZL.56	67.28504499357814	0.09677838769393954	0.22319158336278702	0.23303879227052934	0.15943172849250198
metaphlan_db4	PAK.7	107.7608908938812	0.20307965837743724	0.4410911860904987	0.22480282848082028	0.20325732899022803
metaphlan_db4	PER.35	105.7791493226203	0.28649179897905547	0.5672522247600608	0.22344978659971146	0.18954703832752615
metaphlan_db4	POL.36	112.31871690797753	0.2520606495735528	0.516233189139116	0.23637197214188752	0.1781489213639527
metaphlan_db4	SEN.8	75.89762232268026	0.036462045428597656	0.14045000405462044	0.24503511417471632	0.1997126436781609
metaphlan_db4	SGP.52	104.40940726671478	0.1736482400335176	0.374248778029538	0.205295895977509	0.13676470588235295
metaphlan_db4	SRB.37	93.91279723805623	0.14377236807280597	0.34829392487009325	0.21026027374929102	0.16530156366344007
metaphlan_db4	SVK.9	96.30598818585877	0.1414985024815581	0.3414684179608456	0.23642845000716092	0.17715959004392387
metaphlan_db4	SVN.38	97.499487457724	0.16891102906576802	0.38989106600666734	0.2280554343086765	0.18958611481975968
metaphlan_db4	SWE.41	103.29737360049342	0.16603550813329515	0.39651109503598725	0.2171072654479315	0.19405940594059407
metaphlan_db4	SWE.41a	95.70411516105662	0.1410909355827872	0.3425562896398305	0.19829803397928203	0.16185784658691063
metaphlan_db4	TCD.1	59.66755294999771	0.022033108361711067	0.11449685241924845	0.18080638072042765	0.06637168141592921
metaphlan_db4	TGO.44	93.17516376603002	0.3259414316659003	0.5782763184325973	0.1847239606829975	0.11846153846153847
metaphlan_db4	TUR.46	72.00547443141262	0.06680860240113203	0.2735982170324795	0.22393390712619773	0.12048192771084337
metaphlan_db4	TZA.15	94.37752085542942	0.19209834853555235	0.4212511471635518	0.18315829335868952	0.18029350104821804
metaphlan_db4	USA.74	112.60933542672916	0.18996616497019186	0.4466840960289121	0.20786186607628812	0.170446735395189
metaphlan_db4	USA.74a	101.69365886999044	0.1559838776006655	0.3824809914087923	0.2104477717257595	0.16311535635562086
metaphlan_db4	USA.74b	111.42673869852395	0.29095072558790913	0.5549563584273434	0.18518346637044908	0.12043301759133965
metaphlan_db4	USA.74c	101.87251334173233	0.28960648335855516	0.5531081907198188	0.21965706535782858	0.17693981145757795
metaphlan_db4	USA.74d	102.76956272308163	0.17514769060264967	0.44483164824108934	0.2247656642059842	0.19153365718251214
metaphlan_db4	USA.74e	101.0644854622935	0.21242079107314824	0.4381485063128438	0.2143490459104578	0.16715116279069767
metaphlan_db4	USA.74f	107.02030810751862	0.28212364708494564	0.5457004592512192	0.18120659604270464	0.1130030959752322
metaphlan_db4	USA.74g	105.64699553565663	0.3349171841088885	0.6108294571484819	0.16410310435978717	0.10021786492374728
metaphlan_db4	USA.74h	101.93289366323461	0.24027189794420417	0.5103621294195114	0.23090880585512435	0.21442495126705652
metaphlan_db4	USA.74i	109.27984712661954	0.222535531838693	0.493359837772088	0.2009622481432075	0.15719298245614036
metaphlan_db4	VNM.48	63.58355942190762	0.05240919616764779	0.22372344555004714	0.22475044067063102	0.14779116465863454
metaphlan_db4	XK.60	95.62425730910417	0.14887813970172797	0.35206575425472264	0.19726398696192382	0.1788031723143475
metaphlan_db4	ZAF.39	105.58716385827402	0.21662156580312275	0.4617741151927285	0.22053651039821387	0.16914643696162882
metaphlan_db4	ZMB.49	104.81580968003605	0.1919913842041763	0.42185507484847967	0.22197726382629882	0.19131614654002713
metaphlan_db4	ZMB.49b	104.44559947378828	0.20344057360237763	0.43318269881547855	0.1867830015149017	0.14049039098740887
motus_db8	ALB.17	86.92437839577656	0.11644754807113339	0.2640389783220365	0.2748823964923055	0.17755681818181818
motus_db8	AUS.18	87.0777323335331	0.17757500922900243	0.45719776644053606	0.2267565984131929	0.1110254433307633
motus_db8	AUS.18a	101.70915691003187	0.2931874927718032	0.5968604773280378	0.19647100548690644	0.09402390438247012
motus_db8	AUT.70	90.63091387249602	0.14638133060485192	0.3317015567914341	0.2803697633523514	0.1672890216579537
motus_db8	BGR.66	84.01792226656029	0.16079487764476158	0.38211873580291966	0.2648189873505431	0.14406130268199233
motus_db8	BRA.53	89.86005120128229	0.26753647550375736	0.5751278941181918	0.24742919707141733	0.137429264349232
motus_db8	BRA.53a	108.39827577654218	0.3002615930671833	0.5667967298134987	0.25912732365190655	0.14809688581314878
motus_db8	BWA.19	109.23783890684028	0.21395347894973935	0.47431187191037827	0.24073275328134938	0.13445378151260504
motus_db8	CAN.22	107.58865416568904	0.3117938698694146	0.5889946170230387	0.17887433260244012	0.06557377049180328
motus_db8	CAN.22a	106.2778934431312	0.2604505421091778	0.5138227395431372	0.14677132994851078	0.0484304932735426
motus_db8	CAN.22b	95.39366845906498	0.28753403453852894	0.5729520610220067	0.2577647768421631	0.14080459770114942
motus_db8	CAN.22c	103.68498568968916	0.2667751997980553	0.5339908178366761	0.3053505387454898	0.20498220640569395
motus_db8	CHE.67	100.88386263391409	0.20431990232653585	0.4629699850320356	0.23387664183766776	0.1201780415430267
motus_db8	CHN.64	110.75953762686059	0.2535282946500395	0.5143181998967016	0.3041830675973113	0.18591934381408065
motus_db8	CIV.13	98.45005849662569	0.21383488358593378	0.5123755849349938	0.29581642532958546	0.17696629213483145
motus_db8	COL.2	98.07358870928402	0.18882451833245084	0.4688285815602681	0.245025815496918	0.14154870940882597
motus_db8	CZE.23	94.76855358119873	0.21261602980800098	0.4351998526645692	0.26678356104875117	0.1588921282798834
motus_db8	DEU.27	104.02228706568343	0.21864089471852471	0.49281652578018714	0.23120851531800937	0.11666666666666667
motus_db8	DNK.71_RA	96.7552759604333	0.2345026941249329	0.49544237365514326	0.30922166311940186	0.20273972602739726
motus_db8	DNK.71_RD	92.00751745118403	0.2205357874469171	0.46854140927523025	0.30210904701587415	0.21311475409836064
motus_db8	DNK.71_RL	97.1375143599674	0.22963300720791488	0.4831057811330224	0.28596794914757806	0.17945007235890015
motus_db8	ECU.14	69.28466707668727	0.1579861693241299	0.368543904121898	0.2694880933896431	0.15264527320034693
motus_db8	ECU.14a	111.71219236972408	0.23925394747588402	0.49639081950222586	0.24267534609994867	0.14771048744460857
motus_db8	ESP.75	105.20921560597428	0.28630048502921623	0.5624438193770697	0.2488384695041461	0.13221990257480862
motus_db8	ETH.24	90.71275819689008	0.21478438213245438	0.5198154451251145	0.2875728347042747	0.1952662721893491
motus_db8	FIN.25	97.06844052667535	0.23607388275332636	0.5062118352988757	0.27936462333318957	0.16642335766423358
motus_db8	GEO.59	63.213246720819946	0.11503866573468749	0.25345097290778396	0.20895247492023872	0.09496124031007752
motus_db8	GHA.4	109.05953099458705	0.2699374459653043	0.5796596753970398	0.24721890033669283	0.13273001508295626
motus_db8	HRV.68	93.64289398866087	0.16527137955177404	0.3703705235422034	0.23248170488849237	0.12116443745082613
motus_db8	HUN.61	110.33520009302647	0.3060524705848134	0.5723647889848655	0.2060081959153005	0.09580838323353294
motus_db8	IND.11	94.44093963753548	0.2086391277588397	0.43710780640819485	0.2908386526709006	0.17634709587123862
motus_db8	IRL.69	84.15258540467984	0.11259757472725815	0.2609278798386816	0.31243189388783055	0.1974569932685116
motus_db8	IRN.12	89.72450421163654	0.2447949629343995	0.5352804433804702	0.2537508960418623	0.14001591089896578
motus_db8	ISL.28	83.8172687680342	0.22164806412687504	0.5243882661760872	0.2649907189041974	0.15043547110055425
motus_db8	ISR.29	109.0384112046221	0.2273080187300043	0.45671989982042915	0.1761765658664749	0.08202443280977312
motus_db8	ITA.30	83.50309612420499	0.17713326402575041	0.395882125745936	0.29269960680316626	0.17253774263120059
motus_db8	KAZ.6	86.1612345630445	0.26869475982591945	0.5509280921870632	0.28015534688615507	0.1680545041635125
motus_db8	KEN.72	94.41098662232271	0.24677382087460759	0.5361268463459198	0.2941342823620592	0.18526315789473685
motus_db8	KHM.21	89.11298962098127	0.0697842401990917	0.18707816038483024	0.28430789109934984	0.16363636363636364
motus_db8	LKA.40	61.653644694662106	0.09060047401495078	0.23686101725040426	0.2691905105441712	0.14854111405835543
motus_db8	LUX.32	88.9039527459898	0.12199860445891945	0.3276014034434856	0.3269753184939469	0.21518987341772153
motus_db8	LVA.31	103.38246875541621	0.24061814682904312	0.4996181893857124	0.24094892405618126	0.13427010148321625
motus_db8	MDA.65	79.8954013441259	0.10668154120977291	0.23990281034871674	0.26538771064660394	0.15384615384615385
motus_db8	MKD.62	90.29529972655969	0.18040482020957183	0.4054148582379289	0.23968843145535343	0.1404320987654321
motus_db8	MLT.63	88.3136331609775	0.18721789350053886	0.37200601794964194	0.27032613671886335	0.15721844293272866
motus_db8	MYS.54	98.83947820622825	0.21443497863116429	0.4715941328924666	0.25515125033536024	0.1417910447761194
motus_db8	NGA.50	104.5085937663953	0.1892443636389508	0.4665060924341477	0.290115840635074	0.1757142857142857
motus_db8	NLD.43	112.28051659883394	0.38853151327319413	0.6675414211250654	0.1416493268311049	0.04819277108433735
motus_db8	NOR.34	87.75845024740462	0.19786818420055408	0.4251219057826222	0.2666413897328369	0.15584415584415584
motus_db8	NPL.33	99.61915996577353	0.30604642194486686	0.605553950489321	0.2755280890385766	0.19228070175438597
motus_db8	NZL.56	65.79460820886358	0.14650725848215743	0.328210785514917	0.2970671870728066	0.17321571772253408
motus_db8	PAK.7	97.27823457906474	0.2598569193340494	0.5404272967790882	0.33298021241916465	0.21694915254237288
motus_db8	PER.35	100.75114166814026	0.29568333368610317	0.568894448840856	0.2873640325100889	0.1900647948164147
motus_db8	POL.36	107.59903898320377	0.27356462901034656	0.5347898318564118	0.2837086989888469	0.1667864845434939
motus_db8	SEN.8	70.59617863632438	0.03970957647447539	0.1458191976367496	0.2856100979810578	0.18127340823970037
motus_db8	SGP.52	102.5536476973967	0.18139445108735136	0.45164047913938654	0.2539513880131684	0.14050822122571002
motus_db8	SRB.37	91.09023692790791	0.19520184441294752	0.42970757247161034	0.26092970648211417	0.15846153846153846
motus_db8	SVK.9	92.46583953706885	0.16423961162488576	0.39399681541089776	0.30744652002856443	0.19196428571428573
motus_db8	SVN.38	91.65877708225284	0.18955622179347126	0.41339800367231627	0.30060084418691757	0.19270474879559532
motus_db8	SWE.41	95.12008932548983	0.20098339153457678	0.4469967876235228	0.3067036991112048	0.19903912148249828
motus_db8	SWE.41a	90.97963309613807	0.20759604676049187	0.4394245353513123	0.27851142250180017	0.17435158501440923
motus_db8	TCD.1	62.53642091314856	0.08197211127962357	0.22954137310676448	0.18247077167149434	0.06437291897891231
motus_db8	TGO.44	90.67519066322885	0.2756627435748545	0.5095089125511327	0.25189604479054717	0.13364413364413363
motus_db8	TUR.46	75.3974601697564	0.11278296672137231	0.2927490084026079	0.21831063725747135	0.11274934952298352
motus_db8	TZA.15	87.57326256573178	0.24828692273499806	0.49629383819099615	0.2835031698059723	0.18594436310395315
motus_db8	USA.74	107.34720215206464	0.2053315234631084	0.47191137886732454	0.29456869551771175	0.1916083916083916
motus_db8	USA.74a	97.04180795155294	0.23303918976696456	0.45807989088929535	0.2570422245717665	0.14961832061068703
motus_db8	USA.74b	109.21607471020486	0.28191808581134814	0.5340053882410514	0.23179877081525396	0.11118832522585129
motus_db8	USA.74c	98.04810588166768	0.27839701515209797	0.5403551230762315	0.2826698438557077	0.18059701492537314
motus_db8	USA.74d	95.97369481442101	0.2508366293571951	0.5195357336286184	0.29116614759863707	0.18862491000719941
motus_db8	USA.74e	95.83114257683118	0.19984745084284913	0.4607173258030242	0.2893355239526319	0.1746268656716418
motus_db8	USA.74f	105.47872917483572	0.20005011953694296	0.46153319020877004	0.21761572306299107	0.1075098814229249
motus_db8	USA.74g	102.64641441514382	0.3508785926373763	0.6164462036295765	0.20308734757566074	0.09474463360473723
motus_db8	USA.74h	96.31004465040812	0.256416667705047	0.5165319822346846	0.3226729686566543	0.22672064777327935
motus_db8	USA.74i	105.87128286497386	0.18462510675920685	0.41385686208141326	0.27009225894793404	0.1628242074927954
motus_db8	VNM.48	62.082492905842216	0.055454496400723224	0.23222732187213063	0.26816916032523	0.14332784184514002
motus_db8	XK.60	87.70325917065516	0.16547134123443158	0.3612392598288179	0.29200751229856475	0.1962825278810409
motus_db8	ZAF.39	101.09980179150999	0.2107224114241039	0.45490311535128464	0.2636759884811893	0.16006467259498788
motus_db8	ZMB.49	99.21067034776642	0.22205067989450067	0.48063814988759	0.29281868684152934	0.19127988748241911
motus_db8	ZMB.49b	100.02416087117972	0.2823680577491734	0.5716267216892352	0.2513075366486126	0.14382632293080055
